_id,name,description,category,checkpoints,members,memberProgress,scope,savingGroupId,budgetGroupId,createdDate,startDate,endDate,createdBy,isPublished
6d3adf967bbd15b6295c548a,Challenge Budget Travel 1,,Spending,273a3e4e887b6323afbe7820;67d64055ca13753119281e38;854c95570e9653cb600fd8c2,567cedea6bd680f6d9fac54a;f47c26f82c759eea28ca23c8;aa5e67c6ed4b1fa1a2f75d33;8221d64ec10d0f8c0eaacd7d;2eff0eddee0b8c9a2601fead;8494863791b8e5234eb1ad35;5334561365d21e9ad4812095;72e4b93000be75dd6e367723,e6bdd48cb2e2e3f544c13ce8;c21d0e3d1c2d854ed850a629;7b49531655564c0b0c1dd06a;5aaa0e7d7460ed779a5c7adf;9c2865225d5facf86acbee33;f09709ea47a3c8bccc141d44;d4432b7e3465d08058d281df;3d990dc7f2d68694c8c42675,BudgetGroup,,532e2438f582396ecc77399f,2023-12-11T19:43:40.000Z,2023-12-12T19:43:40.000Z,2024-02-19T13:09:31.149Z,72e4b93000be75dd6e367723,true
7b070b02b3da9c593dc8b525,Challenge Budget Travel 2,,Spending,cf6ca5e68bd93429dada2a95;3a3048b877512405603a633c;97ceb0865b6eb1bf5151a1f7,f47c26f82c759eea28ca23c8;845c864a4de70832f4364f15;8494863791b8e5234eb1ad35;f579a2579d8d862480fad2b8;21d01d11a8bae6956d4fd98d;8e8ebd063ea56374b2b7dfc0;475654515a4b6bc03e3f1cc1;567cedea6bd680f6d9fac54a,05eaa7ef88249dc843c54600;c43833122c72d0d5a9666f44;444e7c94bc098b2c25d91254;4cb143386a89af99759089d4;d5da9632512e155f5c4b03fe;5c4ba1efa0dc0b3a1c688e5f;05adcdfc73285cc366a4ef0b;12cc3d9692b50c44145ad089,BudgetGroup,,17841715808ec6f102fffdc0,2024-03-10T12:25:44.000Z,2024-03-11T12:25:44.000Z,2024-05-03T15:01:29.408Z,567cedea6bd680f6d9fac54a,true
695395c8a11cd0609841de98,Challenge Budget Travel 3,,Spending,1f9e3b37b9ee8e33446b2186;465d909b6f72a1f001217ec6;d492d832605ee3a71c13c2e7,845c864a4de70832f4364f15;5d6a1f5ad9777d66c4103d51;72e4b93000be75dd6e367723;d70844eaf055cda2ef7b56e9;8221d64ec10d0f8c0eaacd7d;8e8ebd063ea56374b2b7dfc0;bf86ecec42cd596815b82763;21d01d11a8bae6956d4fd98d,50b109a41d2cf2900ea06317;0ea50132cbe8dbce0d52dd13;1609b86b14c5282a89dba6bc;912f67fa820a75654803ff51;9e6d5f241a1ac4b9a1de57c5;5041eff8fb138e98372fb7df;6abb3c7aacc062eb6980d402;6f8500e1835b1d0dfbc72e00,BudgetGroup,,8a9d2e06665566a0d3dc783c,2023-10-01T10:02:49.000Z,2023-10-02T10:02:49.000Z,2023-11-15T18:43:31.192Z,21d01d11a8bae6956d4fd98d,true
69aa2c6b9b7fbb182d820d30,Challenge Budget Travel 4,,Spending,306e81e2fc29189d400c22b0;7be00c554ada4499f0fc4cfe;138f05ccbc110c0f53133e3f,21d01d11a8bae6956d4fd98d;475654515a4b6bc03e3f1cc1;8221d64ec10d0f8c0eaacd7d;f47c26f82c759eea28ca23c8;845c864a4de70832f4364f15;f585e5dbf71788a1594db8c5;bf86ecec42cd596815b82763;de5b88c96f9e4797f8902765;2eff0eddee0b8c9a2601fead,2ed862531a3b167cc9bc20a4;a9809896f795c75ede48aa6d;b51d0885f369c102060564a1;58c7663d88a46b276eaa517b;105ac28e9450a49dfd4b9f48;0e6f618798b54713769f8b53;1a33af5e055c733782f681bd;89fd5098800155c757b690b3;af5f79b05a78b56c7797fac2,BudgetGroup,,c622b8db822a583bfc1ea06b,2024-01-26T12:23:30.000Z,2024-01-27T12:23:30.000Z,2024-03-08T13:52:17.846Z,2eff0eddee0b8c9a2601fead,true
b90dab4d49a8fff1f1a0360a,Challenge Budget Travel 5,,Spending,995daa301cf3c4f5ff621030;ab5c737db127ec5c6233aec5;57087ae8622c4d4dafc834d1,a32b8962db959b002019627a;72e4b93000be75dd6e367723;bf86ecec42cd596815b82763;5334561365d21e9ad4812095;71c3173179c4dcb1413b39ba,ea5020e1a8ecd2299f31df7c;b0c5d384cf702a71036aeaa7;f375c860c14e685f39d3e928;95131db5c91b96308c862b98;c962e2b7738474770e51643e,BudgetGroup,,e2f0960aa561b71d59c73c38,2023-12-14T15:11:21.000Z,2023-12-15T15:11:21.000Z,2024-02-02T10:35:49.301Z,71c3173179c4dcb1413b39ba,true
ac36ccb5ec4201ff679e04fe,Challenge Budget Travel 6,,Spending,6be3663d7903d8d67f2ccca4;f719a934b81750e669221f6b;92384b6411e3d8dc1ddb3489,2eff0eddee0b8c9a2601fead;f585e5dbf71788a1594db8c5;475654515a4b6bc03e3f1cc1;f25c51fc7b2e63ad6cc6bf77;11a1b5ceea49f09253f955a8,01d60d7b7e014a60123852ec;7236a71f271c5bcbe50c33bf;ef13f7576d20811adc5cf458;b132a6f15d3ed0f46b9c0cae;0af772ef5d01a0dfe1cdad77,BudgetGroup,,b912165f2f09852ae8d68500,2024-01-15T07:38:07.000Z,2024-01-16T07:38:07.000Z,2024-02-01T19:24:41.211Z,11a1b5ceea49f09253f955a8,true
aa24327f3c5a14ce81182bc2,Challenge Budget Travel 7,,Spending,fc6085640fa7b8d922eb9fdb;b12f17be320d5d64d4f266c5;0ba02568893ca81db0a96e20,f579a2579d8d862480fad2b8;833b44f56b8cbece7d04def3;f25c51fc7b2e63ad6cc6bf77;567cedea6bd680f6d9fac54a;8221d64ec10d0f8c0eaacd7d;845c864a4de70832f4364f15;5334561365d21e9ad4812095;e99436255b727036e00eefd5;5d6a1f5ad9777d66c4103d51,04d6c77c9013d7265417b6a1;28d0802aabaf64e9e8676837;d5c0aa75136ef28d47bdc067;7b8266bf529f17090089cc29;21c0b440355e425156544aee;da7c9b762326b5404aeaa29c;9f51ca30cd49ad630eba3107;9c75f71299c0da53ae8bbb01;3e1633f54fd51e21644654c7,BudgetGroup,,2837263656259226ffd64f3e,2024-03-04T19:37:01.000Z,2024-03-05T19:37:01.000Z,2024-04-09T05:27:30.408Z,5d6a1f5ad9777d66c4103d51,true
2901b677352f650f05fd03f6,Challenge Budget Travel 8,,Spending,70f5f639381b454d0ac6da03;2f9a39727ce9334227a68de8;112f87261c1c17b333abfdec,2eff0eddee0b8c9a2601fead;e99436255b727036e00eefd5;d70844eaf055cda2ef7b56e9;9d2cdfcd0b8de5a9eb68b1b9;f579a2579d8d862480fad2b8;f25c51fc7b2e63ad6cc6bf77;11a1b5ceea49f09253f955a8;596573b1e54591d7694cbcb9,ec1b8d5f5fcca7d752be0404;344819f1903464092d57bc09;c715e4e9f8056cdf4187e7ea;df8290ba7967711bdd300abb;c06dd43db027ddc737e718d2;0ffab68ee726ab13f3d19162;ceff7243accbd0b201f95730;d7b16767924890fa6191e942,BudgetGroup,,20316d60de9bf3b2396f5edc,2024-02-16T12:28:02.000Z,2024-02-17T12:28:02.000Z,2024-04-19T09:00:38.874Z,596573b1e54591d7694cbcb9,true
46fc78a721275072be3ade73,Challenge Budget Travel 9,,Spending,965595629989c41fba0f65d1;4073844368bf2fbd14b7a351;21462bb6d2e4d9f33bb3cec1,72e4b93000be75dd6e367723;1890a8880bcde17bb895f735;1ba4b78e62930eae5731b9ca;833b44f56b8cbece7d04def3;845c864a4de70832f4364f15;f25c51fc7b2e63ad6cc6bf77,3e3ab663e7411e99c0fb0e5b;7d7a1de40747cbc21d5304eb;6f6ece3b1ed81becee92c501;99aad006f9158beea3a799ce;14f4c4aac2fd5533f941cb32;96a26fa9a7335538fa4f665a,BudgetGroup,,8019635a4817e3aa1306afd6,2024-03-02T15:46:08.000Z,2024-03-03T15:46:08.000Z,2024-04-04T21:02:08.755Z,f25c51fc7b2e63ad6cc6bf77,true
9bdcb6341e5cb372ee770a96,Challenge Budget Travel 10,,Spending,ad3b6fb409a0afabb5ae8f0a;771bf20f0abe45f15f54e50c;4cafbdcc79e42a1e930c6c37,1890a8880bcde17bb895f735;de5b88c96f9e4797f8902765;8494863791b8e5234eb1ad35;2eff0eddee0b8c9a2601fead;8221d64ec10d0f8c0eaacd7d,46ccdcfd90af48043c7075c8;7d89df2be893dc78d4ae38b4;ff64b593e878b88d253ba523;805c8bb5b39ec97d1af411be;b2986f04744385be72ea8273,BudgetGroup,,fad05fb43d56999e9f81cd2b,2023-12-23T08:29:25.000Z,2023-12-24T08:29:25.000Z,2024-03-13T03:04:40.438Z,8221d64ec10d0f8c0eaacd7d,true
200b64016de0243771a36273,Challenge Budget Travel 11,,Spending,7c0253fe81a9e310a9bcabbf;fd4a1d5966c48995b93c086a;e437f75ccd9a08b61de0b58b,8e8ebd063ea56374b2b7dfc0;21d01d11a8bae6956d4fd98d;d70844eaf055cda2ef7b56e9;f25c51fc7b2e63ad6cc6bf77;9d2cdfcd0b8de5a9eb68b1b9,ab09c53b1e0d486f31122073;be898c82c97ccb7903f33a8a;10684eaccf65cc4f0abe9fce;c5df4ccfb383cb8d8d5048f9;efb45681cbada8f10a70569f,BudgetGroup,,d4ebc276c47cfb0ea6bd7149,2023-11-08T07:55:53.000Z,2023-11-09T07:55:53.000Z,2023-12-14T17:57:54.943Z,9d2cdfcd0b8de5a9eb68b1b9,true
0aca64f38ff96096628bd3a6,Challenge Budget Travel 12,,Spending,7c5f50e10d2b88897594c102;3cdaba33582166be36063186;986a12969ab4593022ccaae2,1ba4b78e62930eae5731b9ca;9d2cdfcd0b8de5a9eb68b1b9;1890a8880bcde17bb895f735;5d6a1f5ad9777d66c4103d51;f47c26f82c759eea28ca23c8;d70844eaf055cda2ef7b56e9,8321f10fded928d41b210e5a;4527d480745a72bf45889eba;7e32a4d624e50f99fb9dfd7d;34f58c21fc82e12ddedb1225;a9ae2176077f82f3239518c8;4673b8afa81c2335d537a5d6,BudgetGroup,,ce2f298b1b39b0acce605bd4,2024-02-04T10:54:01.000Z,2024-02-05T10:54:01.000Z,2024-03-22T12:23:48.490Z,d70844eaf055cda2ef7b56e9,true
9ac466f9e01d845a236d1f96,Challenge Budget Travel 13,,Spending,98961ba0b6605da03379bec8;1dea4c20042f9cc8928aa2ee;873388704291b7a8d97d05eb,845c864a4de70832f4364f15;f47c26f82c759eea28ca23c8;11a1b5ceea49f09253f955a8;5334561365d21e9ad4812095;475654515a4b6bc03e3f1cc1;f25c51fc7b2e63ad6cc6bf77;1ba4b78e62930eae5731b9ca,d08be9d6893a466a63ef769f;a3f3532c95c7c38b6c666bc3;e691ffa012a20be8fc308aff;1d9ae6297eff421adc2ab01b;6ca5bc937563581c3c2b728d;ed129c1c7670571e514c457c;b36981b8a6bfc16bd0813196,BudgetGroup,,5e9972a55fcf7d59ff6ee3ab,2023-12-04T20:09:01.000Z,2023-12-05T20:09:01.000Z,2024-02-25T16:42:33.761Z,1ba4b78e62930eae5731b9ca,true
c670664b6bd98f3cb59ec1e0,Challenge Budget Travel 14,,Spending,4660e4b28f69f3cf2b3abc0e;8f94a89fe41e30c4f81a327f;ed11b0db293dd1e252c61012,8221d64ec10d0f8c0eaacd7d;f47c26f82c759eea28ca23c8;833b44f56b8cbece7d04def3;475654515a4b6bc03e3f1cc1;bf86ecec42cd596815b82763;d70844eaf055cda2ef7b56e9;f585e5dbf71788a1594db8c5,033232e3cec3750df2943290;7ae616ba7b8f6877f0622829;e15a70ef7144c28562c86b8c;cce8bc407a06455661b86d29;4b01b8da6e804e5e4dd6e427;4c39eb0986014ac6ce26d666;53db2a542f15f597f63ca455,BudgetGroup,,90b98468496b902a48e6cf8a,2024-01-13T22:02:06.000Z,2024-01-14T22:02:06.000Z,2024-02-28T12:18:35.528Z,f585e5dbf71788a1594db8c5,true
515d4450cbde88e904328114,Challenge Budget For Food and Beverage 1,,Spending,c1a21c7a6898491b5ac293d6;17f1759e7c13b585335ce53b;96285932c87bee880c12c5d3,8e8ebd063ea56374b2b7dfc0;de5b88c96f9e4797f8902765;bf86ecec42cd596815b82763;c06acf18d21f1a7bbbe9f371;833b44f56b8cbece7d04def3;f47c26f82c759eea28ca23c8,0b3eb5c968f8b92fe4014cdd;a4eb4648cd0c6c7e1d9a3b73;65c53be78d61eec5584e1365;28cea5a28dab37221d906e3f;5b13591c258f8b9f872beca1;e517ce86c27d472e421c8017,BudgetGroup,,69192b94884bae90be6c1090,2023-12-14T13:25:55.000Z,2023-12-15T13:25:55.000Z,2024-02-27T09:00:45.516Z,f47c26f82c759eea28ca23c8,true
2dc112602c9f3a77bd0a41b4,Challenge Budget For Food and Beverage 2,,Spending,2d10ff0cbf590ebc710db764;58f1edfc0eb274a86ea230e7;9a27bbc46ab07d962da54e6c,5334561365d21e9ad4812095;8221d64ec10d0f8c0eaacd7d;567cedea6bd680f6d9fac54a;72e4b93000be75dd6e367723,de813af6186d319b627c2ab5;b1e59185e0f97a700e9d77c1;135b5315fc5ecd648f4279c5;ecba556e458c90214f949b25,BudgetGroup,,7c39a63f5618e26c607a8e22,2024-01-03T12:08:05.000Z,2024-01-04T12:08:05.000Z,2024-02-17T12:57:09.553Z,72e4b93000be75dd6e367723,true
5312dc4d939b3ce615cea1b0,Challenge Budget For Food and Beverage 3,,Spending,815b7f36d57dcea1131e7586;c135180514f1731162086cff;2662bafd528175c478014c2a,72e4b93000be75dd6e367723;11a1b5ceea49f09253f955a8;bf86ecec42cd596815b82763;2eff0eddee0b8c9a2601fead;c06acf18d21f1a7bbbe9f371;a32b8962db959b002019627a;f25c51fc7b2e63ad6cc6bf77;567cedea6bd680f6d9fac54a,c4e399c1f4a3dbf4d2a552d6;e22d7e012afce89001dbc458;09047062716d375813c819c6;165aa80e5269e7ed0979189e;623fb6c5a684167819586e61;61d2ade3f62847944a425197;4641a1d7d0681b4edb5d93c5;25c0624f9ef514155bdf82d5,BudgetGroup,,4c3ed268b333cc2d22870565,2023-12-23T20:14:22.000Z,2023-12-24T20:14:22.000Z,2024-01-10T15:30:21.045Z,567cedea6bd680f6d9fac54a,true
073be645e8b61fbae18d0374,Challenge Budget For Food and Beverage 4,,Spending,832cbd28d6ae99f25d12f178;c12341743019c4180d8cafdf;3ebabb87a1371592d3bc0e16,c06acf18d21f1a7bbbe9f371;d70844eaf055cda2ef7b56e9;f47c26f82c759eea28ca23c8;8494863791b8e5234eb1ad35;e99436255b727036e00eefd5;845c864a4de70832f4364f15;72e4b93000be75dd6e367723;21d01d11a8bae6956d4fd98d,e04e6d5772d7fb17d7ffcfc9;1b19237b57c0951feabea37f;0b08ac81a5a3d85498b1b86c;1798d6be5d7c27b70a391826;9160aa8776e72274f787cffa;82af9cbcaa57bfec73a0db2a;303fc597a5a30fdf9186db7f;9f28373c0be4edb98f9c9dc0,BudgetGroup,,64a48e49dff8f2f4fe7f69d6,2023-12-29T06:51:01.000Z,2023-12-30T06:51:01.000Z,2024-02-05T05:04:50.673Z,21d01d11a8bae6956d4fd98d,true
e2fe1c2d8134a06d1cccdd4f,Challenge Budget For Food and Beverage 5,,Spending,dcda6216d482bbf0522df6b6;7de8dc68e52b989e62bbc8b7;87a3f70b20f68c5db5e05083,11a1b5ceea49f09253f955a8;8e8ebd063ea56374b2b7dfc0;5d6a1f5ad9777d66c4103d51;aa5e67c6ed4b1fa1a2f75d33;8494863791b8e5234eb1ad35;1ba4b78e62930eae5731b9ca;596573b1e54591d7694cbcb9;2eff0eddee0b8c9a2601fead,4e35e9014c384d10eeb8ced5;a400085a9a08e2aa558cd6f3;5375e0bf5e411f1378892c0b;8a7df0c723bd9ec9092d467a;d43d9b014a6fb12670199bc9;06349e4e92d506308542330c;bb5e4a130ffa542e3e84eb5a;a66ceb18bac53b6ea28a72cb,BudgetGroup,,f754e6205282c114ab66df54,2023-10-16T12:58:36.000Z,2023-10-17T12:58:36.000Z,2023-12-14T12:23:54.352Z,2eff0eddee0b8c9a2601fead,true
704380dfd1de0d6ff6cd89fd,Challenge Budget For Food and Beverage 6,,Spending,5368ecba6aa4b6aacc64419a;da3d8216f0e89f324831b950;79db91c4e8c0dfafb99651e3,1890a8880bcde17bb895f735;833b44f56b8cbece7d04def3;5d6a1f5ad9777d66c4103d51;567cedea6bd680f6d9fac54a;71c3173179c4dcb1413b39ba,ac53c4f40a864ca3594fdb15;cedad80f0a39670f9289a350;749c0d93f7b14d09f47a527c;3ff2656e7a43b6ae03e99c84;aba80df57b60722395c09857,BudgetGroup,,ab42b4328071cc3d51ef28f7,2023-11-19T10:54:22.000Z,2023-11-20T10:54:22.000Z,2023-12-14T14:51:26.063Z,71c3173179c4dcb1413b39ba,true
fe8da3328e9e6bd03d939af2,Challenge Budget For Food and Beverage 7,,Spending,bf936a6e42d74fc264585c7d;62e9447e4d198f31959360aa;3dd3b286fe5f1d9d23f16b57,72e4b93000be75dd6e367723;567cedea6bd680f6d9fac54a;f25c51fc7b2e63ad6cc6bf77;de5b88c96f9e4797f8902765;11a1b5ceea49f09253f955a8,0228037309fa495a076d8814;4b475085f1d5614474e77e85;f6f6b8e14e4a61f1e820d115;2ea99ac42bd588cdd453da83;ab0f99f48ca22fda9cda24c9,BudgetGroup,,cbeeb87b84d5fdcc1a2d4035,2023-11-06T05:37:26.000Z,2023-11-07T05:37:26.000Z,2023-11-26T08:44:08.559Z,11a1b5ceea49f09253f955a8,true
e8a4dbbc2198018611de04bf,Challenge Budget For Food and Beverage 8,,Spending,4eee50bee35d841d681dc35b;c97c86a8ede90301678b07a1;1e7b753201fe0e7d99639972,de5b88c96f9e4797f8902765;1890a8880bcde17bb895f735;71c3173179c4dcb1413b39ba;5d6a1f5ad9777d66c4103d51,0f8bb5092df73c403b67d9bd;1a9761ab6252658fa8418821;cea37059c2f0c9c2e54e8b6c;7959f4b956011a274fac49b7,BudgetGroup,,280e1356f8fc0a51542a9b1f,2023-10-11T07:37:29.000Z,2023-10-12T07:37:29.000Z,2023-12-06T10:02:36.296Z,5d6a1f5ad9777d66c4103d51,true
b500a4ee553252cf02ff58d8,Challenge Budget For Food and Beverage 9,,Spending,845c1633382d1d0b1c9ebe79;da17ee8c159d13f7dacf1508;3cb8a2aa2fd1b0472018f455,5d6a1f5ad9777d66c4103d51;1890a8880bcde17bb895f735;f585e5dbf71788a1594db8c5;9d2cdfcd0b8de5a9eb68b1b9;aa5e67c6ed4b1fa1a2f75d33;de5b88c96f9e4797f8902765;833b44f56b8cbece7d04def3;596573b1e54591d7694cbcb9,b1a59d8591e0b24b255ebd47;0f0ee6c0075dfe24b74d16c0;45aed335f23815cf27ad5bd7;b47710244cc7592c0cf723be;b63f6519bf6977b0b34cea8a;3a3776623479717583e59309;597830a3db47f431cac45d68;ad927a8df77b1a76d1a49f79,BudgetGroup,,30a5b6cfd0b0ff143fd9af55,2024-03-02T22:54:48.000Z,2024-03-03T22:54:48.000Z,2024-03-12T14:51:30.897Z,596573b1e54591d7694cbcb9,true
a33072f4cd41f4eb53686afe,Challenge Budget For Food and Beverage 10,,Spending,038cada9978793887e404e16;a8ff955f73d2ac61e706740b;e0ab82fd85f936b779f65953,1ba4b78e62930eae5731b9ca;bf86ecec42cd596815b82763;8e8ebd063ea56374b2b7dfc0;833b44f56b8cbece7d04def3;e99436255b727036e00eefd5;de5b88c96f9e4797f8902765;2eff0eddee0b8c9a2601fead;f25c51fc7b2e63ad6cc6bf77,3e9e0489d6ca697bc2e2d283;9407f68b7b31dccabb0c9944;8381f44d6b1449e596c8f0c2;5511e2797f866b674a8cd3c1;2301a82e03de0f0840cef4c5;d9bb34443ae2155beff775e7;2de7d75161f2145e96562735;311fdb25bce7486ab695df29,BudgetGroup,,ec3f8bda59dba18444c0f944,2023-11-15T07:47:10.000Z,2023-11-16T07:47:10.000Z,2024-01-31T16:31:29.834Z,f25c51fc7b2e63ad6cc6bf77,true
8047dc8248529c518f99403a,Challenge Budget For Food and Beverage 11,,Spending,cd4657b3bbee131944288a6e;cfa0ba202e0b89e649b4a929;77fe186ac2964b69df4e79b1,d70844eaf055cda2ef7b56e9;2eff0eddee0b8c9a2601fead;21d01d11a8bae6956d4fd98d;de5b88c96f9e4797f8902765;8221d64ec10d0f8c0eaacd7d,fc108fee810eb2e2857496ea;951c3571fb5fc695ce57d408;d0d55bc6480a7cfff9be1d6c;1cdf5e5ee961096a3bbf23e2;4d500c0d2a104510927e6756,BudgetGroup,,7a76aa974bed163b80b97538,2023-12-09T08:34:47.000Z,2023-12-10T08:34:47.000Z,2023-12-26T02:24:57.749Z,8221d64ec10d0f8c0eaacd7d,true
de5adaecb7b31008ced4a834,Challenge Budget For Food and Beverage 12,,Spending,54ea103fed34c342f7c927a9;9fda431037885cea898da8a7;86662d14bb50689f489c7aaa,72e4b93000be75dd6e367723;8494863791b8e5234eb1ad35;f579a2579d8d862480fad2b8;567cedea6bd680f6d9fac54a;9d2cdfcd0b8de5a9eb68b1b9,0f049f2859be78e9419cc217;7fc4a363b6568f7a6a41a0aa;2c0f658d65dc8ff848a1c7b7;83c8bb2e87cc19cf9e411cbd;4c4c788117d059279d7d36a4,BudgetGroup,,5de1e2e4b86c70ea30564602,2024-01-15T03:51:52.000Z,2024-01-16T03:51:52.000Z,2024-02-28T17:17:26.907Z,9d2cdfcd0b8de5a9eb68b1b9,true
b3bd4e5f3ac95e91b315b9b6,Challenge Budget For Food and Beverage 13,,Spending,ee7bb767492ccd458ac555db;3158acf0b3e37ba22f0988e1;8b45891dec227effcd9fb3b9,9d2cdfcd0b8de5a9eb68b1b9;72e4b93000be75dd6e367723;f579a2579d8d862480fad2b8;d70844eaf055cda2ef7b56e9,4b05f2018ff4576e8a6f2774;e7c049f4a3eb7919069b14ef;71144bb549981a701dc10f19;a0f74fcb2e56f1af705aab85,BudgetGroup,,a730b0e06e8671f276a3958c,2023-10-31T08:16:08.000Z,2023-11-01T08:16:08.000Z,2024-01-16T07:19:46.874Z,d70844eaf055cda2ef7b56e9,true
a1d5615451b3b961b93fa82f,Challenge Budget For Food and Beverage 14,,Spending,9a269a78fc1d325f7b4c226b;f693423234eb1a5fc605c4f9;1bba1a483446198945983362,596573b1e54591d7694cbcb9;5d6a1f5ad9777d66c4103d51;f47c26f82c759eea28ca23c8;e99436255b727036e00eefd5;2eff0eddee0b8c9a2601fead;845c864a4de70832f4364f15;833b44f56b8cbece7d04def3;1ba4b78e62930eae5731b9ca,27a409a1c913f47e6ce62357;a341623d158c540c48ce0a8b;663da45078d0f371b6db6d5e;3175c61eb5feee00c6fb5ca4;35009dff4667f3a1e588f133;705daeff3c4eef04e0f2d2c3;68d9d54cef1096442b2b02bf;fd9d9cd2c1f7f2b14fd8fe53,BudgetGroup,,05f73e7c4d3e0d670d7a2362,2023-10-10T11:18:57.000Z,2023-10-11T11:18:57.000Z,2023-10-22T05:13:53.163Z,1ba4b78e62930eae5731b9ca,true
25d00d771e5a0cb945cc1d6a,Challenge Budget For Food and Beverage 15,,Spending,2b2d2a3407335ed5c2f9bef7;e00c727725fd619d4f4dc57b;0e9cbcaff008c5e4659194d8,de5b88c96f9e4797f8902765;5d6a1f5ad9777d66c4103d51;21d01d11a8bae6956d4fd98d;8e8ebd063ea56374b2b7dfc0;f585e5dbf71788a1594db8c5,e5856577572f44af16dd5976;623f5121b0e5a3a154e5eb49;ba0f98cc883eda136762ae59;e7cf8b1c259b30b756f7e800;f003d1ad777e12917c25c17f,BudgetGroup,,253a9e543568b49f760bee58,2024-02-20T14:45:12.000Z,2024-02-21T14:45:12.000Z,2024-04-11T17:37:28.567Z,f585e5dbf71788a1594db8c5,true
977dbed3ebb2d79a7f7c8ca4,Challenge Saving For Travel 1,,Saving,06482bc4a99dd9b6928f0677;bac0e7eaa3b1b3a10015a14b;87f44fd1255b36986465cbd2,e99436255b727036e00eefd5;bf86ecec42cd596815b82763;72e4b93000be75dd6e367723,e8ab0b79b7277775e99c684d;b862b0ba0b2fa820d13ff431;25a6901e1dd9524f3baef493,SavingGroup,b63f324fe62991060d8cc1e7,,2023-12-14T00:00:00.000Z,2023-12-15T00:00:00.000Z,2024-01-24T14:54:47.048Z,72e4b93000be75dd6e367723,true
ee3ee2a4e5d1ac5daa1eca13,Challenge Saving For Travel 2,,Saving,3a58f57cc9cf48e7780dbabf;0dd9e862a34d02814f372219;b83a87b478e8ba2fbd28e150,a32b8962db959b002019627a;f47c26f82c759eea28ca23c8;2eff0eddee0b8c9a2601fead;5334561365d21e9ad4812095;567cedea6bd680f6d9fac54a,7f0e1d208702ede4196899c5;c8e125e40fc1ed405622ee1d;46adbd9cca9b38de421b4d69;e53f59c98e0f4611a9b234bf;e3bf19b80291aaec2998aff1,SavingGroup,07d1be44c0380f3696e83722,,2024-06-14T00:00:00.000Z,2024-06-15T00:00:00.000Z,2024-09-08T13:33:26.664Z,567cedea6bd680f6d9fac54a,true
6612892bca7b8b2e8c1295c0,Challenge Saving For Travel 3,,Saving,c50c17f9511424bebc5fae69;4f2556e5d0fa1acbe2e6f180;7d6444644b3e9083f9df9972,f579a2579d8d862480fad2b8;475654515a4b6bc03e3f1cc1;845c864a4de70832f4364f15;21d01d11a8bae6956d4fd98d,d2ccd860e3710c963c012424;aa94a78cbdf4bbd2620cb534;2c43e6b4c2d1890ddb0fdd76;f67468c14b73e20a887b9302,SavingGroup,4a6e861d6b10a7ada741c17c,,2024-02-14T00:00:00.000Z,2024-02-15T00:00:00.000Z,2024-04-04T19:21:04.923Z,21d01d11a8bae6956d4fd98d,true
d8715f7bf3d137b551dfaa75,Challenge Saving For Travel 4,,Saving,e884cecf002b311b43e56296;674030e81f81d5b26973cdb1;2753bc26ca470282c2df309e,8221d64ec10d0f8c0eaacd7d;596573b1e54591d7694cbcb9;2eff0eddee0b8c9a2601fead,f9ff756349b7db4c1446081e;c8714efeb8cefb910d927912;2581e9bab7605eb89eb5507c,SavingGroup,093383e3bb46e30bceaf76e8,,2023-09-14T00:00:00.000Z,2023-09-15T00:00:00.000Z,2023-12-09T19:24:29.903Z,2eff0eddee0b8c9a2601fead,true
110c4ff7c1590329802e3358,Challenge Saving For Travel 5,,Saving,478d49adab6ff7f499f49ddb;fc14881a6ce7cd13d7ca71cd;86225edb43dc0424bdffe91d,e99436255b727036e00eefd5;d70844eaf055cda2ef7b56e9;a32b8962db959b002019627a;71c3173179c4dcb1413b39ba,8aff5f4697ce6d061b076020;87e6eb7bea3c0d7faff1257c;1849dbb6d8fab52fb209565c;8ac864732a72f6cd7778d7d6,SavingGroup,7c364988c8d99fd437a40b5d,,2025-03-14T00:00:00.000Z,2025-03-15T00:00:00.000Z,2025-03-31T13:53:50.024Z,71c3173179c4dcb1413b39ba,true
66e6a142072e2f57bd3f9b25,Challenge Saving For Travel 6,,Saving,a4a7f8b6bd35206f2fe68fac;c47ef89c6e1a5033fb091df0;98ab5dace8ce897b181417b1,833b44f56b8cbece7d04def3;e99436255b727036e00eefd5;475654515a4b6bc03e3f1cc1;f47c26f82c759eea28ca23c8;11a1b5ceea49f09253f955a8,bc2a92a58779b60893a6b4d9;6e200c32a68f95ae95505f9a;1385d225b88ff8f84c2c7d03;2cafd3210496f105e2542ac3;48ff840564065caff91fe879,SavingGroup,ec1832e20e340b2d307a1c12,,2024-02-14T00:00:00.000Z,2024-02-15T00:00:00.000Z,2024-02-15T20:33:24.045Z,11a1b5ceea49f09253f955a8,true
69bb0b00ea89b761cd0e106c,Challenge Saving For Travel 7,,Saving,a7b40fe3a770582d24b96ffa;055b6644e525e1a56d5c2c03;7cecd3c24ebde153b700e546,2eff0eddee0b8c9a2601fead;845c864a4de70832f4364f15;f579a2579d8d862480fad2b8;de5b88c96f9e4797f8902765;5d6a1f5ad9777d66c4103d51,54cd87aa56ce6d63f71a1594;fd1a577707425b92500801af;9355620e198917f27e94f86f;1cb8c91d0ba70b1d6c95459d;17e5da42401419fd1bae6e01,SavingGroup,90566e47c86c96bd3f42798b,,2024-04-14T00:00:00.000Z,2024-04-15T00:00:00.000Z,2024-05-05T19:22:13.050Z,5d6a1f5ad9777d66c4103d51,true
c08c3da138b7ca64e01cd4ff,Challenge Saving For Travel 8,,Saving,2e9d13aaee523e83366b3805;b2e9d4557456005adde95b35;81888f47bc9e8c7119e61763,596573b1e54591d7694cbcb9,ae6a88c813bb44b590e1ef75;6bab0be56531a16099917ad3,SavingGroup,ce03f312f3ee9ac44410801d,,2024-09-14T00:00:00.000Z,2024-09-15T00:00:00.000Z,2024-10-05T05:00:02.807Z,596573b1e54591d7694cbcb9,true
c6afcc2b8d4720d537c38cb6,Challenge Saving For Travel 9,,Saving,7a593865bf386e3b0e69a9ac;55bb4cb87766b0886025709c;2eb19dbe4e00a674e9f7e933,d70844eaf055cda2ef7b56e9;475654515a4b6bc03e3f1cc1;71c3173179c4dcb1413b39ba;a32b8962db959b002019627a;8221d64ec10d0f8c0eaacd7d;f25c51fc7b2e63ad6cc6bf77,24885599ccb9f36c3a9dc2aa;e5699bcc20dbdc78674c851b;18fdfdfff524896c6552d2c5;5a7521c676bc0e8eaf4e0a5a;7d69c6370b35f4159dc5e838;4594913796a8b202f2662c04,SavingGroup,a98647b1f63519ddca1836de,,2024-09-14T00:00:00.000Z,2024-09-15T00:00:00.000Z,2024-10-12T05:04:26.165Z,f25c51fc7b2e63ad6cc6bf77,true
ea6b6ba32a3d34e9b3bd192b,Challenge Saving For Travel 10,,Saving,b71a0715fa8706928e9db38b;8dc079af951011cd92f2bae8;3041425d6035bdbe32d58322,845c864a4de70832f4364f15;e99436255b727036e00eefd5;f25c51fc7b2e63ad6cc6bf77;1890a8880bcde17bb895f735;71c3173179c4dcb1413b39ba;8221d64ec10d0f8c0eaacd7d,fe7fae0a9cd13de5369172de;5cf844a39028f5daf40e7941;bf9e930c031aab587fce07ed;f90086561c2e837c4055f16d;e2a98e191a9fcc96df57d476;30f18f2615880ff987255bf5,SavingGroup,4e3abc58f1f0600a643db824,,2023-12-14T00:00:00.000Z,2023-12-15T00:00:00.000Z,2024-01-28T19:25:08.157Z,8221d64ec10d0f8c0eaacd7d,true
4c0fb3084a8e0acd5eb032b3,Challenge Saving For Buying House 1,,Saving,ca0eb10ae5c281a5a78ac7af;d7b0dd4fd3fce30eff6665ec;2bdf306a50273b88e4259f4e,8494863791b8e5234eb1ad35;567cedea6bd680f6d9fac54a;f25c51fc7b2e63ad6cc6bf77;9d2cdfcd0b8de5a9eb68b1b9,f84951abce05a7869504fdf3;505f1484ccdb49a64dc2592f;0fc93115acf9f14635a3b8a7;089233e59ffebf18cfdcfafd,SavingGroup,f19c74cb3a5e7884813de6ea,,2023-03-14T00:00:00.000Z,2023-03-15T00:00:00.000Z,2023-03-25T23:05:50.514Z,9d2cdfcd0b8de5a9eb68b1b9,true
91d2b341169b137bea9210de,Challenge Saving For Buying House 2,,Saving,51f826455deb4d027e2270a4;02aff826ed9ad49555cc1e4c;d811dbdccff428855b866062,11a1b5ceea49f09253f955a8;d70844eaf055cda2ef7b56e9,21bab1d9a9fdf8da8c3328f5;d72de468a2fdea9ae4330801,SavingGroup,7c3ec5d0b465ba02c8086c38,,2025-03-14T00:00:00.000Z,2025-03-15T00:00:00.000Z,2025-05-17T19:52:06.120Z,d70844eaf055cda2ef7b56e9,true
21b5b30b0b73c6f5a8de96e0,Challenge Saving For Buying House 3,,Saving,6ef67f7f6d85c26d6e18a001;b881e0d291e09212d776e232;39c9fbe550b4c5d52190ce50,f585e5dbf71788a1594db8c5;1ba4b78e62930eae5731b9ca,f71e9cb45bfdedd62975e76f;594e03b978a865b43f594306,SavingGroup,df089aff1e4896957db94a9a,,2024-02-14T00:00:00.000Z,2024-02-15T00:00:00.000Z,2024-03-03T15:35:52.283Z,1ba4b78e62930eae5731b9ca,true
09e4bed5efce91801af6efaf,Challenge Saving For Buying House 4,,Saving,0fdce3bccdc3f764ec803eba;16944453d6d2d08519587b34;69ae09333393604845ffa854,e99436255b727036e00eefd5;833b44f56b8cbece7d04def3;f585e5dbf71788a1594db8c5,e439478d2902cb16b0495991;fb9fb74fdfbc22cbd028b112;75817d2c17b130cb0f63e2ea,SavingGroup,b55490574ab8069e60b5e1af,,2024-04-14T00:00:00.000Z,2024-04-15T00:00:00.000Z,2024-06-22T05:59:28.997Z,f585e5dbf71788a1594db8c5,true
53121043dd92cb7419c0bc99,Challenge Saving For Buying House 5,,Saving,cb31138bff0d913367f729ea;d313506f7c93ec7415887350;718314111ca7124b3c05597d,aa5e67c6ed4b1fa1a2f75d33;1ba4b78e62930eae5731b9ca;f47c26f82c759eea28ca23c8,45160d670035068f30c1c3bd;9fb4256133a0c18087c50a17;246e9be821a33487e693c48a,SavingGroup,851e4b4f86f95dfe5f0bd6ad,,2023-12-14T00:00:00.000Z,2023-12-15T00:00:00.000Z,2023-12-26T09:16:45.108Z,f47c26f82c759eea28ca23c8,true
6be830111935ae928d9e1d58,Challenge Saving For Buying House 6,,Saving,8d88f6f8a3e64187bb5d1006;5550816c46b1ef75782503be;5a259a9cd5d69c609f4f7b5a,d70844eaf055cda2ef7b56e9;1890a8880bcde17bb895f735;72e4b93000be75dd6e367723,ab11cde6461ef26a34b46543;c7c8b4991a8e0d8db61e6b96;0e301ad5a386a8f3efa32261,SavingGroup,b6c19c293f0cc11ff3530bac,,2024-09-14T00:00:00.000Z,2024-09-15T00:00:00.000Z,2024-10-21T07:09:48.356Z,72e4b93000be75dd6e367723,true
ae2123bdb37827ead5a43000,Challenge Saving For Buying House 7,,Saving,dfd201ec01facfc5a8daa4ad;8dd45088d55acbdd230d5d37;0446266eb2b15406b711c7c2,a32b8962db959b002019627a;845c864a4de70832f4364f15;aa5e67c6ed4b1fa1a2f75d33;567cedea6bd680f6d9fac54a,254f455ff8ea6ab0afdc7e02;ccc97693380fd0a672c963e1;12282fddbb6f13952e0e9563;ea62853769cba2edf6a7aae0,SavingGroup,f3a45ea9d05bb3933f552cfb,,2024-06-14T00:00:00.000Z,2024-06-15T00:00:00.000Z,2024-06-26T02:07:24.872Z,567cedea6bd680f6d9fac54a,true
9ec48c12033f555cdbab5c57,Challenge Saving For Buying House 8,,Saving,026191e0f2243d03bee5b949;34ea4d7c7541be2a9d8343b4;b60a0c1a18f28a6c1fc38fb5,8221d64ec10d0f8c0eaacd7d;8494863791b8e5234eb1ad35;21d01d11a8bae6956d4fd98d,7a95dd82c21005bb4abb0768;1a57573804b0b5c3182be066;42a2e23541393beba1f81852,SavingGroup,d9d8306e513ce43529af3a77,,2024-09-14T00:00:00.000Z,2024-09-15T00:00:00.000Z,2024-09-17T13:08:15.815Z,21d01d11a8bae6956d4fd98d,true
22891c9ffe9b1e891a310b08,Challenge Saving For Buying House 9,,Saving,f8527bd237dcbea9b32fc7d4;44d64b95782c70a2fb4d168d;9144202d4b667695539b8cca,8494863791b8e5234eb1ad35;1890a8880bcde17bb895f735;2eff0eddee0b8c9a2601fead,eda0648a72e3515ad3515e22;3c110bf1c4e655de4c50ae1b;0aa81289316af7c447c65877,SavingGroup,2585452d550dce38cda629ff,,2025-03-14T00:00:00.000Z,2025-03-15T00:00:00.000Z,2025-04-19T11:06:55.144Z,2eff0eddee0b8c9a2601fead,true
ee1fec2cec41d2c90558998b,Challenge Saving For Buying House 10,,Saving,fd6c6376397cd8c16e3ac1dc;680ce51f0b61d9c77aa9c6c5;364b665a50a6544f9d856a10,11a1b5ceea49f09253f955a8;833b44f56b8cbece7d04def3;8e8ebd063ea56374b2b7dfc0;71c3173179c4dcb1413b39ba,7597d3e66507aa0b52e1bd7b;b6b713dbdfcb1861dbfe54fa;8758a98c394b9c06d883be0f;287325d8d55cebc444dcf369,SavingGroup,adc41ec811deea87d7fd1b75,,2023-12-14T00:00:00.000Z,2023-12-15T00:00:00.000Z,2024-02-16T03:53:03.993Z,71c3173179c4dcb1413b39ba,true
6e74e498be060934970821bb,Challenge Saving For Emergency 1,,Saving,b002103b469e8a79add21f87;6332cf8cadbe993c5240fcfa;ab989e986eb3a93a4d8a2d49,f25c51fc7b2e63ad6cc6bf77;f47c26f82c759eea28ca23c8;e99436255b727036e00eefd5;8494863791b8e5234eb1ad35;11a1b5ceea49f09253f955a8,9c784e1598a0ed9e891f173d;a55ee0fcd1ef9c0c7d500e9f;1917bedcf650a7e9e918b37f;0390390a701e1c88f282e005;7f7165a0667559d75fae320f,SavingGroup,363e044f3df0ea540045e042,,2024-04-14T00:00:00.000Z,2024-04-15T00:00:00.000Z,2024-06-13T02:20:54.984Z,11a1b5ceea49f09253f955a8,true
bcbc334e105a74a3b9aa0e66,Challenge Saving For Emergency 2,,Saving,58fa2eb6ef99fcc2070db1b4;44fa84d075ce9fe1305d8362;e974451b28b8fda094fa68a6,f585e5dbf71788a1594db8c5;71c3173179c4dcb1413b39ba;8221d64ec10d0f8c0eaacd7d;1ba4b78e62930eae5731b9ca;5d6a1f5ad9777d66c4103d51,630465be42978e6100025e3f;bc4b7bef212fe46fd3fe9706;c6fc8b47fafe34cd08e98b1b;60bbf55f314acaec74a1e1e7;e4af43a7d678d4ca282e3dbb,SavingGroup,ab41b932a5dbcd7d23c5635c,,2023-12-14T00:00:00.000Z,2023-12-15T00:00:00.000Z,2024-02-03T20:25:32.779Z,5d6a1f5ad9777d66c4103d51,true
979eb81da7f54247c46b1950,Challenge Saving For Emergency 3,,Saving,8a546a3c6c19da84636db5fc;338646190a6e6c8e16109cea;b4ca4cd146e3407142976442,71c3173179c4dcb1413b39ba;11a1b5ceea49f09253f955a8;f579a2579d8d862480fad2b8;596573b1e54591d7694cbcb9,c3e17389bde7e1d2a056d05a;6910aa77307ff441281b29a4;4d76104f808b75695a534380;78c85fe88fe3a5dd652864a0,SavingGroup,7aa223d54940c9a70410243e,,2024-06-14T00:00:00.000Z,2024-06-15T00:00:00.000Z,2024-08-15T06:34:50.114Z,596573b1e54591d7694cbcb9,true
817f4acc2583f9b52cf2e73d,Challenge Saving For Emergency 4,,Saving,11a2394d4a4142f6655324b7;d74a82e43923de781b5efc06;5089605666bac7d7be6bf568,aa5e67c6ed4b1fa1a2f75d33;11a1b5ceea49f09253f955a8;bf86ecec42cd596815b82763;8494863791b8e5234eb1ad35;1890a8880bcde17bb895f735;f25c51fc7b2e63ad6cc6bf77,6a96f4dfb99ddadf6dcb0a6a;bc9cb7a3001e4672f13f5139;636b914b8ec3554adbf1fa13;2d28544258e85abe3d143074;1bc8f56d9aef2c6c8cd6fced;c3c70acd2ee160c6ad07dce6,SavingGroup,38069f9afb59daa7cc5216bc,,2024-02-14T00:00:00.000Z,2024-02-15T00:00:00.000Z,2024-03-09T21:17:11.392Z,f25c51fc7b2e63ad6cc6bf77,true
a2d225529a01201d55e295d3,Challenge Saving For Emergency 5,,Saving,b49eed5a579f36b7be56f516;13ab576851a0b472e0eba3cf;79cea34f03d27b101b5c596f,e99436255b727036e00eefd5;8221d64ec10d0f8c0eaacd7d,d476fc662e783f8530dc8bbb;776a35104527c20663f10578,SavingGroup,7589967c2e189cc2d30633d9,,2024-09-14T00:00:00.000Z,2024-09-15T00:00:00.000Z,2024-11-25T01:23:27.295Z,8221d64ec10d0f8c0eaacd7d,true
dde8f3e460adaed8bd7f1707,Challenge Saving For Emergency 6,,Saving,515b84fa938ee178dc534ae0;bbebb3d4399493b6fcd594b0;dd6766e1c61dbe59cfd53961,475654515a4b6bc03e3f1cc1;1ba4b78e62930eae5731b9ca;2eff0eddee0b8c9a2601fead;8494863791b8e5234eb1ad35;9d2cdfcd0b8de5a9eb68b1b9,434f06b1f1ab2508bcca9c19;41dc00d8994877eb3f026944;0935cbb245af947ad4623908;be8fb3804aaf9391e3d70732;b4dff4bb15f02e592cc93fe3,SavingGroup,82c79c16c19affa1023d7e8b,,2024-06-14T00:00:00.000Z,2024-06-15T00:00:00.000Z,2024-06-16T16:19:23.326Z,9d2cdfcd0b8de5a9eb68b1b9,true
9d0c36f6ad677a9822713c56,Challenge Saving For Emergency 7,,Saving,85f932c99748f9df7dfebd16;f9a70dca7cbc207d69871e09;9477f561174e348f1f6eafc2,72e4b93000be75dd6e367723;71c3173179c4dcb1413b39ba;567cedea6bd680f6d9fac54a;c06acf18d21f1a7bbbe9f371;e99436255b727036e00eefd5;d70844eaf055cda2ef7b56e9,3779b19387686525f5d3d1a0;cbfe8754e665409ca591b2f0;bce6fe57b9695cfac3095adf;ad3ec0422cd555750456a7ae;dc45e2a0776daf41ba5a6a82;849a95d2cca7af59be531e77,SavingGroup,c036136dddc92a9e1b6b8909,,2024-02-14T00:00:00.000Z,2024-02-15T00:00:00.000Z,2024-03-28T18:42:38.016Z,d70844eaf055cda2ef7b56e9,true
985534e278916014207c559f,Challenge Saving For Emergency 8,,Saving,57e088b76551887ade3fb0f2;5beeb1682bda0590cc80e2af;09c0d639f0a65160b41d09f7,de5b88c96f9e4797f8902765;1ba4b78e62930eae5731b9ca,c34a4a1d0f6dc230d809ad9a;6b776072ac39fc66cb8e1a32,SavingGroup,35a707c8dff42d6d9f460db5,,2025-03-14T00:00:00.000Z,2025-03-15T00:00:00.000Z,2025-05-26T23:56:52.085Z,1ba4b78e62930eae5731b9ca,true
6b25b9be2a9ea8d56b493f34,Challenge Saving For Emergency 9,,Saving,e11d5d86006c452db6bf686e;6213c4e3a89ea4a4e145e6d6;2cd183de7205b0cb10905470,aa5e67c6ed4b1fa1a2f75d33;1ba4b78e62930eae5731b9ca;f585e5dbf71788a1594db8c5,726e5ea86a4d7275976f377c;33b366b9a7b11f9511f441cd;392cdbb19591eca7c03b06dc,SavingGroup,4abde3bcd654be3da229b157,,2025-03-14T00:00:00.000Z,2025-03-15T00:00:00.000Z,2025-05-01T19:27:53.143Z,f585e5dbf71788a1594db8c5,true
93ac3f756d82c1c78ce7a03d,Challenge Saving For Emergency 10,,Saving,4f01c96db7801442fbce5a59;5ab0615a3ad72d272863fe81;3e887770e4976963a0263b1c,bf86ecec42cd596815b82763;11a1b5ceea49f09253f955a8;e99436255b727036e00eefd5;11a1b5ceea49f09253f955a8,418078c49256e40ec87ddc77;8bd71313bc5a4f90d616ce0c;2c96189be4790ce7c56870d6;b26894f423f7ce073f459772,SavingGroup,501cb5073e6776eece96f92e,,2023-09-14T00:00:00.000Z,2023-09-15T00:00:00.000Z,2023-09-24T05:33:01.712Z,11a1b5ceea49f09253f955a8,true