sharedBudget,user,joinedDate,role
532e2438f582396ecc77399f,72e4b93000be75dd6e367723,2024-07-03T06:10:25.642Z,Host
17841715808ec6f102fffdc0,567cedea6bd680f6d9fac54a,2024-07-03T06:10:25.642Z,Host
8a9d2e06665566a0d3dc783c,21d01d11a8bae6956d4fd98d,2024-07-03T06:10:25.642Z,Host
c622b8db822a583bfc1ea06b,2eff0eddee0b8c9a2601fead,2024-07-03T06:10:25.642Z,Host
e2f0960aa561b71d59c73c38,71c3173179c4dcb1413b39ba,2024-07-03T06:10:25.642Z,Host
b912165f2f09852ae8d68500,11a1b5ceea49f09253f955a8,2024-07-03T06:10:25.642Z,Host
2837263656259226ffd64f3e,5d6a1f5ad9777d66c4103d51,2024-07-03T06:10:25.642Z,Host
20316d60de9bf3b2396f5edc,596573b1e54591d7694cbcb9,2024-07-03T06:10:25.642Z,Host
8019635a4817e3aa1306afd6,f25c51fc7b2e63ad6cc6bf77,2024-07-03T06:10:25.642Z,Host
fad05fb43d56999e9f81cd2b,8221d64ec10d0f8c0eaacd7d,2024-07-03T06:10:25.642Z,Host
d4ebc276c47cfb0ea6bd7149,9d2cdfcd0b8de5a9eb68b1b9,2024-07-03T06:10:25.642Z,Host
ce2f298b1b39b0acce605bd4,d70844eaf055cda2ef7b56e9,2024-07-03T06:10:25.642Z,Host
5e9972a55fcf7d59ff6ee3ab,1ba4b78e62930eae5731b9ca,2024-07-03T06:10:25.642Z,Host
90b98468496b902a48e6cf8a,f585e5dbf71788a1594db8c5,2024-07-03T06:10:25.642Z,Host
69192b94884bae90be6c1090,f47c26f82c759eea28ca23c8,2024-07-03T06:10:25.642Z,Host
7c39a63f5618e26c607a8e22,72e4b93000be75dd6e367724,2024-07-03T06:10:25.642Z,Host
4c3ed268b333cc2d22870565,567cedea6bd680f6d9fac54a,2024-07-03T06:10:25.642Z,Host
64a48e49dff8f2f4fe7f69d6,21d01d11a8bae6956d4fd98d,2024-07-03T06:10:25.642Z,Host
f754e6205282c114ab66df54,2eff0eddee0b8c9a2601fead,2024-07-03T06:10:25.642Z,Host
ab42b4328071cc3d51ef28f7,71c3173179c4dcb1413b39ba,2024-07-03T06:10:25.642Z,Host
cbeeb87b84d5fdcc1a2d4035,11a1b5ceea49f09253f955a9,2024-07-03T06:10:25.642Z,Host
280e1356f8fc0a51542a9b1f,5d6a1f5ad9777d66c4103d52,2024-07-03T06:10:25.642Z,Host
30a5b6cfd0b0ff143fd9af55,596573b1e54591d7694cbcb9,2024-07-03T06:10:25.642Z,Host
ec3f8bda59dba18444c0f944,f25c51fc7b2e63ad6cc6bf78,2024-07-03T06:10:25.642Z,Host
7a76aa974bed163b80b97538,8221d64ec10d0f8c0eaacd7d,2024-07-03T06:10:25.642Z,Host
5de1e2e4b86c70ea30564602,9d2cdfcd0b8de5a9eb68b1b9,2024-07-03T06:10:25.642Z,Host
a730b0e06e8671f276a3958c,d70844eaf055cda2ef7b56e9,2024-07-03T06:10:25.642Z,Host
05f73e7c4d3e0d670d7a2362,1ba4b78e62930eae5731b9ca,2024-07-03T06:10:25.642Z,Host
253a9e543568b49f760bee58,f585e5dbf71788a1594db8c6,2024-07-03T06:10:25.642Z,Host
667bc6b15164498f3d407e5b,667cf6478562f4bfcf93a250,2024-06-27T05:36:00.000Z,Member
532e2438f582396ecc77399f,f25c51fc7b2e63ad6cc6bf77,2024-06-14T18:24:46.000Z,Member
532e2438f582396ecc77399f,9d2cdfcd0b8de5a9eb68b1b9,2024-06-14T18:24:46.000Z,Member
532e2438f582396ecc77399f,1ba4b78e62930eae5731b9ca,2024-06-14T18:24:46.000Z,Member
532e2438f582396ecc77399f,f585e5dbf71788a1594db8c5,2024-06-14T18:24:46.000Z,Member
532e2438f582396ecc77399f,d70844eaf055cda2ef7b56e9,2024-06-14T18:24:46.000Z,Member
532e2438f582396ecc77399f,21d01d11a8bae6956d4fd98d,2024-06-14T18:24:46.000Z,Member
532e2438f582396ecc77399f,596573b1e54591d7694cbcb9,2024-06-14T18:24:46.000Z,Member
532e2438f582396ecc77399f,11a1b5ceea49f09253f955a8,2024-06-14T18:24:46.000Z,Member
532e2438f582396ecc77399f,5d6a1f5ad9777d66c4103d51,2024-06-14T18:24:46.000Z,Member
532e2438f582396ecc77399f,71c3173179c4dcb1413b39ba,2024-06-14T18:24:46.000Z,Member
532e2438f582396ecc77399f,567cedea6bd680f6d9fac54a,2024-06-14T18:24:46.000Z,Member
532e2438f582396ecc77399f,f47c26f82c759eea28ca23c8,2024-06-14T18:24:46.000Z,Member
532e2438f582396ecc77399f,aa5e67c6ed4b1fa1a2f75d33,2024-06-14T18:24:46.000Z,Member
532e2438f582396ecc77399f,8221d64ec10d0f8c0eaacd7d,2024-06-14T18:24:46.000Z,Member
532e2438f582396ecc77399f,2eff0eddee0b8c9a2601fead,2024-06-14T18:24:46.000Z,Member
532e2438f582396ecc77399f,8494863791b8e5234eb1ad35,2024-06-14T18:24:46.000Z,Member
532e2438f582396ecc77399f,5334561365d21e9ad4812095,2024-06-14T18:24:46.000Z,Member
17841715808ec6f102fffdc0,f585e5dbf71788a1594db8c5,2024-06-14T18:24:46.000Z,Member
17841715808ec6f102fffdc0,72e4b93000be75dd6e367723,2024-06-14T18:24:46.000Z,Member
17841715808ec6f102fffdc0,f25c51fc7b2e63ad6cc6bf77,2024-06-14T18:24:46.000Z,Member
17841715808ec6f102fffdc0,9d2cdfcd0b8de5a9eb68b1b9,2024-06-14T18:24:46.000Z,Member
17841715808ec6f102fffdc0,71c3173179c4dcb1413b39ba,2024-06-14T18:24:46.000Z,Member
17841715808ec6f102fffdc0,596573b1e54591d7694cbcb9,2024-06-14T18:24:46.000Z,Member
17841715808ec6f102fffdc0,d70844eaf055cda2ef7b56e9,2024-06-14T18:24:46.000Z,Member
17841715808ec6f102fffdc0,2eff0eddee0b8c9a2601fead,2024-06-14T18:24:46.000Z,Member
17841715808ec6f102fffdc0,8221d64ec10d0f8c0eaacd7d,2024-06-14T18:24:46.000Z,Member
17841715808ec6f102fffdc0,5d6a1f5ad9777d66c4103d51,2024-06-14T18:24:46.000Z,Member
17841715808ec6f102fffdc0,f47c26f82c759eea28ca23c8,2024-06-14T18:24:46.000Z,Member
17841715808ec6f102fffdc0,845c864a4de70832f4364f15,2024-06-14T18:24:46.000Z,Member
17841715808ec6f102fffdc0,8494863791b8e5234eb1ad35,2024-06-14T18:24:46.000Z,Member
17841715808ec6f102fffdc0,f579a2579d8d862480fad2b8,2024-06-14T18:24:46.000Z,Member
17841715808ec6f102fffdc0,21d01d11a8bae6956d4fd98d,2024-06-14T18:24:46.000Z,Member
17841715808ec6f102fffdc0,8e8ebd063ea56374b2b7dfc0,2024-06-14T18:24:46.000Z,Member
17841715808ec6f102fffdc0,475654515a4b6bc03e3f1cc1,2024-06-14T18:24:46.000Z,Member
8a9d2e06665566a0d3dc783c,567cedea6bd680f6d9fac54a,2024-06-14T18:24:46.000Z,Member
8a9d2e06665566a0d3dc783c,f585e5dbf71788a1594db8c5,2024-06-14T18:24:46.000Z,Member
8a9d2e06665566a0d3dc783c,9d2cdfcd0b8de5a9eb68b1b9,2024-06-14T18:24:46.000Z,Member
8a9d2e06665566a0d3dc783c,596573b1e54591d7694cbcb9,2024-06-14T18:24:46.000Z,Member
8a9d2e06665566a0d3dc783c,11a1b5ceea49f09253f955a8,2024-06-14T18:24:46.000Z,Member
8a9d2e06665566a0d3dc783c,2eff0eddee0b8c9a2601fead,2024-06-14T18:24:46.000Z,Member
8a9d2e06665566a0d3dc783c,f25c51fc7b2e63ad6cc6bf77,2024-06-14T18:24:46.000Z,Member
8a9d2e06665566a0d3dc783c,f47c26f82c759eea28ca23c8,2024-06-14T18:24:46.000Z,Member
8a9d2e06665566a0d3dc783c,71c3173179c4dcb1413b39ba,2024-06-14T18:24:46.000Z,Member
8a9d2e06665566a0d3dc783c,1ba4b78e62930eae5731b9ca,2024-06-14T18:24:46.000Z,Member
8a9d2e06665566a0d3dc783c,845c864a4de70832f4364f15,2024-06-14T18:24:46.000Z,Member
8a9d2e06665566a0d3dc783c,5d6a1f5ad9777d66c4103d51,2024-06-14T18:24:46.000Z,Member
8a9d2e06665566a0d3dc783c,72e4b93000be75dd6e367723,2024-06-14T18:24:46.000Z,Member
8a9d2e06665566a0d3dc783c,d70844eaf055cda2ef7b56e9,2024-06-14T18:24:46.000Z,Member
8a9d2e06665566a0d3dc783c,8221d64ec10d0f8c0eaacd7d,2024-06-14T18:24:46.000Z,Member
8a9d2e06665566a0d3dc783c,8e8ebd063ea56374b2b7dfc0,2024-06-14T18:24:46.000Z,Member
8a9d2e06665566a0d3dc783c,bf86ecec42cd596815b82763,2024-06-14T18:24:46.000Z,Member
c622b8db822a583bfc1ea06b,11a1b5ceea49f09253f955a8,2024-06-14T18:24:46.000Z,Member
c622b8db822a583bfc1ea06b,f25c51fc7b2e63ad6cc6bf77,2024-06-14T18:24:46.000Z,Member
c622b8db822a583bfc1ea06b,567cedea6bd680f6d9fac54a,2024-06-14T18:24:46.000Z,Member
c622b8db822a583bfc1ea06b,5d6a1f5ad9777d66c4103d51,2024-06-14T18:24:46.000Z,Member
c622b8db822a583bfc1ea06b,9d2cdfcd0b8de5a9eb68b1b9,2024-06-14T18:24:46.000Z,Member
c622b8db822a583bfc1ea06b,596573b1e54591d7694cbcb9,2024-06-14T18:24:46.000Z,Member
c622b8db822a583bfc1ea06b,d70844eaf055cda2ef7b56e9,2024-06-14T18:24:46.000Z,Member
c622b8db822a583bfc1ea06b,1ba4b78e62930eae5731b9ca,2024-06-14T18:24:46.000Z,Member
c622b8db822a583bfc1ea06b,71c3173179c4dcb1413b39ba,2024-06-14T18:24:46.000Z,Member
c622b8db822a583bfc1ea06b,72e4b93000be75dd6e367723,2024-06-14T18:24:46.000Z,Member
c622b8db822a583bfc1ea06b,21d01d11a8bae6956d4fd98d,2024-06-14T18:24:46.000Z,Member
c622b8db822a583bfc1ea06b,475654515a4b6bc03e3f1cc1,2024-06-14T18:24:46.000Z,Member
c622b8db822a583bfc1ea06b,8221d64ec10d0f8c0eaacd7d,2024-06-14T18:24:46.000Z,Member
c622b8db822a583bfc1ea06b,f47c26f82c759eea28ca23c8,2024-06-14T18:24:46.000Z,Member
c622b8db822a583bfc1ea06b,845c864a4de70832f4364f15,2024-06-14T18:24:46.000Z,Member
c622b8db822a583bfc1ea06b,f585e5dbf71788a1594db8c5,2024-06-14T18:24:46.000Z,Member
c622b8db822a583bfc1ea06b,bf86ecec42cd596815b82763,2024-06-14T18:24:46.000Z,Member
c622b8db822a583bfc1ea06b,de5b88c96f9e4797f8902765,2024-06-14T18:24:46.000Z,Member
e2f0960aa561b71d59c73c38,596573b1e54591d7694cbcb9,2024-06-14T18:24:46.000Z,Member
e2f0960aa561b71d59c73c38,1ba4b78e62930eae5731b9ca,2024-06-14T18:24:46.000Z,Member
e2f0960aa561b71d59c73c38,f585e5dbf71788a1594db8c5,2024-06-14T18:24:46.000Z,Member
e2f0960aa561b71d59c73c38,21d01d11a8bae6956d4fd98d,2024-06-14T18:24:46.000Z,Member
e2f0960aa561b71d59c73c38,11a1b5ceea49f09253f955a8,2024-06-14T18:24:46.000Z,Member
e2f0960aa561b71d59c73c38,567cedea6bd680f6d9fac54a,2024-06-14T18:24:46.000Z,Member
e2f0960aa561b71d59c73c38,d70844eaf055cda2ef7b56e9,2024-06-14T18:24:46.000Z,Member
e2f0960aa561b71d59c73c38,f47c26f82c759eea28ca23c8,2024-06-14T18:24:46.000Z,Member
e2f0960aa561b71d59c73c38,9d2cdfcd0b8de5a9eb68b1b9,2024-06-14T18:24:46.000Z,Member
e2f0960aa561b71d59c73c38,f25c51fc7b2e63ad6cc6bf77,2024-06-14T18:24:46.000Z,Member
e2f0960aa561b71d59c73c38,a32b8962db959b002019627a,2024-06-14T18:24:46.000Z,Member
e2f0960aa561b71d59c73c38,72e4b93000be75dd6e367723,2024-06-14T18:24:46.000Z,Member
e2f0960aa561b71d59c73c38,bf86ecec42cd596815b82763,2024-06-14T18:24:46.000Z,Member
e2f0960aa561b71d59c73c38,5334561365d21e9ad4812095,2024-06-14T18:24:46.000Z,Member
b912165f2f09852ae8d68500,72e4b93000be75dd6e367723,2024-06-14T18:24:46.000Z,Member
b912165f2f09852ae8d68500,9d2cdfcd0b8de5a9eb68b1b9,2024-06-14T18:24:46.000Z,Member
b912165f2f09852ae8d68500,21d01d11a8bae6956d4fd98d,2024-06-14T18:24:46.000Z,Member
b912165f2f09852ae8d68500,71c3173179c4dcb1413b39ba,2024-06-14T18:24:46.000Z,Member
b912165f2f09852ae8d68500,596573b1e54591d7694cbcb9,2024-06-14T18:24:46.000Z,Member
b912165f2f09852ae8d68500,d70844eaf055cda2ef7b56e9,2024-06-14T18:24:46.000Z,Member
b912165f2f09852ae8d68500,1ba4b78e62930eae5731b9ca,2024-06-14T18:24:46.000Z,Member
b912165f2f09852ae8d68500,f47c26f82c759eea28ca23c8,2024-06-14T18:24:46.000Z,Member
b912165f2f09852ae8d68500,8221d64ec10d0f8c0eaacd7d,2024-06-14T18:24:46.000Z,Member
b912165f2f09852ae8d68500,567cedea6bd680f6d9fac54a,2024-06-14T18:24:46.000Z,Member
b912165f2f09852ae8d68500,2eff0eddee0b8c9a2601fead,2024-06-14T18:24:46.000Z,Member
b912165f2f09852ae8d68500,f585e5dbf71788a1594db8c5,2024-06-14T18:24:46.000Z,Member
b912165f2f09852ae8d68500,475654515a4b6bc03e3f1cc1,2024-06-14T18:24:46.000Z,Member
b912165f2f09852ae8d68500,f25c51fc7b2e63ad6cc6bf77,2024-06-14T18:24:46.000Z,Member
2837263656259226ffd64f3e,596573b1e54591d7694cbcb9,2024-06-14T18:24:46.000Z,Member
2837263656259226ffd64f3e,21d01d11a8bae6956d4fd98d,2024-06-14T18:24:46.000Z,Member
2837263656259226ffd64f3e,71c3173179c4dcb1413b39ba,2024-06-14T18:24:46.000Z,Member
2837263656259226ffd64f3e,f585e5dbf71788a1594db8c5,2024-06-14T18:24:46.000Z,Member
2837263656259226ffd64f3e,1ba4b78e62930eae5731b9ca,2024-06-14T18:24:46.000Z,Member
2837263656259226ffd64f3e,d70844eaf055cda2ef7b56e9,2024-06-14T18:24:46.000Z,Member
2837263656259226ffd64f3e,f47c26f82c759eea28ca23c8,2024-06-14T18:24:46.000Z,Member
2837263656259226ffd64f3e,72e4b93000be75dd6e367723,2024-06-14T18:24:46.000Z,Member
2837263656259226ffd64f3e,11a1b5ceea49f09253f955a8,2024-06-14T18:24:46.000Z,Member
2837263656259226ffd64f3e,9d2cdfcd0b8de5a9eb68b1b9,2024-06-14T18:24:46.000Z,Member
2837263656259226ffd64f3e,f579a2579d8d862480fad2b8,2024-06-14T18:24:46.000Z,Member
2837263656259226ffd64f3e,833b44f56b8cbece7d04def3,2024-06-14T18:24:46.000Z,Member
2837263656259226ffd64f3e,f25c51fc7b2e63ad6cc6bf77,2024-06-14T18:24:46.000Z,Member
2837263656259226ffd64f3e,567cedea6bd680f6d9fac54a,2024-06-14T18:24:46.000Z,Member
2837263656259226ffd64f3e,8221d64ec10d0f8c0eaacd7d,2024-06-14T18:24:46.000Z,Member
2837263656259226ffd64f3e,845c864a4de70832f4364f15,2024-06-14T18:24:46.000Z,Member
2837263656259226ffd64f3e,5334561365d21e9ad4812095,2024-06-14T18:24:46.000Z,Member
2837263656259226ffd64f3e,e99436255b727036e00eefd5,2024-06-14T18:24:46.000Z,Member
20316d60de9bf3b2396f5edc,21d01d11a8bae6956d4fd98d,2024-06-14T18:24:46.000Z,Member
20316d60de9bf3b2396f5edc,567cedea6bd680f6d9fac54a,2024-06-14T18:24:46.000Z,Member
20316d60de9bf3b2396f5edc,5d6a1f5ad9777d66c4103d51,2024-06-14T18:24:46.000Z,Member
20316d60de9bf3b2396f5edc,f585e5dbf71788a1594db8c5,2024-06-14T18:24:46.000Z,Member
20316d60de9bf3b2396f5edc,8221d64ec10d0f8c0eaacd7d,2024-06-14T18:24:46.000Z,Member
20316d60de9bf3b2396f5edc,71c3173179c4dcb1413b39ba,2024-06-14T18:24:46.000Z,Member
20316d60de9bf3b2396f5edc,1ba4b78e62930eae5731b9ca,2024-06-14T18:24:46.000Z,Member
20316d60de9bf3b2396f5edc,f47c26f82c759eea28ca23c8,2024-06-14T18:24:46.000Z,Member
20316d60de9bf3b2396f5edc,72e4b93000be75dd6e367723,2024-06-14T18:24:46.000Z,Member
20316d60de9bf3b2396f5edc,2eff0eddee0b8c9a2601fead,2024-06-14T18:24:46.000Z,Member
20316d60de9bf3b2396f5edc,e99436255b727036e00eefd5,2024-06-14T18:24:46.000Z,Member
20316d60de9bf3b2396f5edc,d70844eaf055cda2ef7b56e9,2024-06-14T18:24:46.000Z,Member
20316d60de9bf3b2396f5edc,9d2cdfcd0b8de5a9eb68b1b9,2024-06-14T18:24:46.000Z,Member
20316d60de9bf3b2396f5edc,f579a2579d8d862480fad2b8,2024-06-14T18:24:46.000Z,Member
20316d60de9bf3b2396f5edc,f25c51fc7b2e63ad6cc6bf77,2024-06-14T18:24:46.000Z,Member
20316d60de9bf3b2396f5edc,11a1b5ceea49f09253f955a8,2024-06-14T18:24:46.000Z,Member
8019635a4817e3aa1306afd6,d70844eaf055cda2ef7b56e9,2024-06-14T18:24:46.000Z,Member
8019635a4817e3aa1306afd6,596573b1e54591d7694cbcb9,2024-06-14T18:24:46.000Z,Member
8019635a4817e3aa1306afd6,2eff0eddee0b8c9a2601fead,2024-06-14T18:24:46.000Z,Member
8019635a4817e3aa1306afd6,11a1b5ceea49f09253f955a8,2024-06-14T18:24:46.000Z,Member
8019635a4817e3aa1306afd6,8221d64ec10d0f8c0eaacd7d,2024-06-14T18:24:46.000Z,Member
8019635a4817e3aa1306afd6,567cedea6bd680f6d9fac54a,2024-06-14T18:24:46.000Z,Member
8019635a4817e3aa1306afd6,21d01d11a8bae6956d4fd98d,2024-06-14T18:24:46.000Z,Member
8019635a4817e3aa1306afd6,71c3173179c4dcb1413b39ba,2024-06-14T18:24:46.000Z,Member
8019635a4817e3aa1306afd6,f585e5dbf71788a1594db8c5,2024-06-14T18:24:46.000Z,Member
8019635a4817e3aa1306afd6,f47c26f82c759eea28ca23c8,2024-06-14T18:24:46.000Z,Member
8019635a4817e3aa1306afd6,72e4b93000be75dd6e367723,2024-06-14T18:24:46.000Z,Member
8019635a4817e3aa1306afd6,1890a8880bcde17bb895f735,2024-06-14T18:24:46.000Z,Member
8019635a4817e3aa1306afd6,1ba4b78e62930eae5731b9ca,2024-06-14T18:24:46.000Z,Member
8019635a4817e3aa1306afd6,833b44f56b8cbece7d04def3,2024-06-14T18:24:46.000Z,Member
8019635a4817e3aa1306afd6,845c864a4de70832f4364f15,2024-06-14T18:24:46.000Z,Member
fad05fb43d56999e9f81cd2b,11a1b5ceea49f09253f955a8,2024-06-14T18:24:46.000Z,Member
fad05fb43d56999e9f81cd2b,596573b1e54591d7694cbcb9,2024-06-14T18:24:46.000Z,Member
fad05fb43d56999e9f81cd2b,72e4b93000be75dd6e367723,2024-06-14T18:24:46.000Z,Member
fad05fb43d56999e9f81cd2b,567cedea6bd680f6d9fac54a,2024-06-14T18:24:46.000Z,Member
fad05fb43d56999e9f81cd2b,d70844eaf055cda2ef7b56e9,2024-06-14T18:24:46.000Z,Member
fad05fb43d56999e9f81cd2b,5d6a1f5ad9777d66c4103d51,2024-06-14T18:24:46.000Z,Member
fad05fb43d56999e9f81cd2b,1ba4b78e62930eae5731b9ca,2024-06-14T18:24:46.000Z,Member
fad05fb43d56999e9f81cd2b,9d2cdfcd0b8de5a9eb68b1b9,2024-06-14T18:24:46.000Z,Member
fad05fb43d56999e9f81cd2b,f585e5dbf71788a1594db8c5,2024-06-14T18:24:46.000Z,Member
fad05fb43d56999e9f81cd2b,f25c51fc7b2e63ad6cc6bf77,2024-06-14T18:24:46.000Z,Member
fad05fb43d56999e9f81cd2b,1890a8880bcde17bb895f735,2024-06-14T18:24:46.000Z,Member
fad05fb43d56999e9f81cd2b,de5b88c96f9e4797f8902765,2024-06-14T18:24:46.000Z,Member
fad05fb43d56999e9f81cd2b,8494863791b8e5234eb1ad35,2024-06-14T18:24:46.000Z,Member
fad05fb43d56999e9f81cd2b,2eff0eddee0b8c9a2601fead,2024-06-14T18:24:46.000Z,Member
d4ebc276c47cfb0ea6bd7149,1ba4b78e62930eae5731b9ca,2024-06-14T18:24:46.000Z,Member
d4ebc276c47cfb0ea6bd7149,f47c26f82c759eea28ca23c8,2024-06-14T18:24:46.000Z,Member
d4ebc276c47cfb0ea6bd7149,f585e5dbf71788a1594db8c5,2024-06-14T18:24:46.000Z,Member
d4ebc276c47cfb0ea6bd7149,71c3173179c4dcb1413b39ba,2024-06-14T18:24:46.000Z,Member
d4ebc276c47cfb0ea6bd7149,5d6a1f5ad9777d66c4103d51,2024-06-14T18:24:46.000Z,Member
d4ebc276c47cfb0ea6bd7149,2eff0eddee0b8c9a2601fead,2024-06-14T18:24:46.000Z,Member
d4ebc276c47cfb0ea6bd7149,596573b1e54591d7694cbcb9,2024-06-14T18:24:46.000Z,Member
d4ebc276c47cfb0ea6bd7149,72e4b93000be75dd6e367723,2024-06-14T18:24:46.000Z,Member
d4ebc276c47cfb0ea6bd7149,11a1b5ceea49f09253f955a8,2024-06-14T18:24:46.000Z,Member
d4ebc276c47cfb0ea6bd7149,8221d64ec10d0f8c0eaacd7d,2024-06-14T18:24:46.000Z,Member
d4ebc276c47cfb0ea6bd7149,8e8ebd063ea56374b2b7dfc0,2024-06-14T18:24:46.000Z,Member
d4ebc276c47cfb0ea6bd7149,21d01d11a8bae6956d4fd98d,2024-06-14T18:24:46.000Z,Member
d4ebc276c47cfb0ea6bd7149,d70844eaf055cda2ef7b56e9,2024-06-14T18:24:46.000Z,Member
d4ebc276c47cfb0ea6bd7149,f25c51fc7b2e63ad6cc6bf77,2024-06-14T18:24:46.000Z,Member
ce2f298b1b39b0acce605bd4,567cedea6bd680f6d9fac54a,2024-06-14T18:24:46.000Z,Member
ce2f298b1b39b0acce605bd4,71c3173179c4dcb1413b39ba,2024-06-14T18:24:46.000Z,Member
ce2f298b1b39b0acce605bd4,72e4b93000be75dd6e367723,2024-06-14T18:24:46.000Z,Member
ce2f298b1b39b0acce605bd4,f585e5dbf71788a1594db8c5,2024-06-14T18:24:46.000Z,Member
ce2f298b1b39b0acce605bd4,2eff0eddee0b8c9a2601fead,2024-06-14T18:24:46.000Z,Member
ce2f298b1b39b0acce605bd4,8221d64ec10d0f8c0eaacd7d,2024-06-14T18:24:46.000Z,Member
ce2f298b1b39b0acce605bd4,11a1b5ceea49f09253f955a8,2024-06-14T18:24:46.000Z,Member
ce2f298b1b39b0acce605bd4,f25c51fc7b2e63ad6cc6bf77,2024-06-14T18:24:46.000Z,Member
ce2f298b1b39b0acce605bd4,21d01d11a8bae6956d4fd98d,2024-06-14T18:24:46.000Z,Member
ce2f298b1b39b0acce605bd4,596573b1e54591d7694cbcb9,2024-06-14T18:24:46.000Z,Member
ce2f298b1b39b0acce605bd4,1ba4b78e62930eae5731b9ca,2024-06-14T18:24:46.000Z,Member
ce2f298b1b39b0acce605bd4,9d2cdfcd0b8de5a9eb68b1b9,2024-06-14T18:24:46.000Z,Member
ce2f298b1b39b0acce605bd4,1890a8880bcde17bb895f735,2024-06-14T18:24:46.000Z,Member
ce2f298b1b39b0acce605bd4,5d6a1f5ad9777d66c4103d51,2024-06-14T18:24:46.000Z,Member
ce2f298b1b39b0acce605bd4,f47c26f82c759eea28ca23c8,2024-06-14T18:24:46.000Z,Member
5e9972a55fcf7d59ff6ee3ab,567cedea6bd680f6d9fac54a,2024-06-14T18:24:46.000Z,Member
5e9972a55fcf7d59ff6ee3ab,d70844eaf055cda2ef7b56e9,2024-06-14T18:24:46.000Z,Member
5e9972a55fcf7d59ff6ee3ab,2eff0eddee0b8c9a2601fead,2024-06-14T18:24:46.000Z,Member
5e9972a55fcf7d59ff6ee3ab,5d6a1f5ad9777d66c4103d51,2024-06-14T18:24:46.000Z,Member
5e9972a55fcf7d59ff6ee3ab,f585e5dbf71788a1594db8c5,2024-06-14T18:24:46.000Z,Member
5e9972a55fcf7d59ff6ee3ab,9d2cdfcd0b8de5a9eb68b1b9,2024-06-14T18:24:46.000Z,Member
5e9972a55fcf7d59ff6ee3ab,8221d64ec10d0f8c0eaacd7d,2024-06-14T18:24:46.000Z,Member
5e9972a55fcf7d59ff6ee3ab,72e4b93000be75dd6e367723,2024-06-14T18:24:46.000Z,Member
5e9972a55fcf7d59ff6ee3ab,71c3173179c4dcb1413b39ba,2024-06-14T18:24:46.000Z,Member
5e9972a55fcf7d59ff6ee3ab,596573b1e54591d7694cbcb9,2024-06-14T18:24:46.000Z,Member
5e9972a55fcf7d59ff6ee3ab,845c864a4de70832f4364f15,2024-06-14T18:24:46.000Z,Member
5e9972a55fcf7d59ff6ee3ab,f47c26f82c759eea28ca23c8,2024-06-14T18:24:46.000Z,Member
5e9972a55fcf7d59ff6ee3ab,11a1b5ceea49f09253f955a8,2024-06-14T18:24:46.000Z,Member
5e9972a55fcf7d59ff6ee3ab,5334561365d21e9ad4812095,2024-06-14T18:24:46.000Z,Member
5e9972a55fcf7d59ff6ee3ab,475654515a4b6bc03e3f1cc1,2024-06-14T18:24:46.000Z,Member
5e9972a55fcf7d59ff6ee3ab,f25c51fc7b2e63ad6cc6bf77,2024-06-14T18:24:46.000Z,Member
90b98468496b902a48e6cf8a,2eff0eddee0b8c9a2601fead,2024-06-14T18:24:46.000Z,Member
90b98468496b902a48e6cf8a,72e4b93000be75dd6e367723,2024-06-14T18:24:46.000Z,Member
90b98468496b902a48e6cf8a,71c3173179c4dcb1413b39ba,2024-06-14T18:24:46.000Z,Member
90b98468496b902a48e6cf8a,1ba4b78e62930eae5731b9ca,2024-06-14T18:24:46.000Z,Member
90b98468496b902a48e6cf8a,9d2cdfcd0b8de5a9eb68b1b9,2024-06-14T18:24:46.000Z,Member
90b98468496b902a48e6cf8a,f25c51fc7b2e63ad6cc6bf77,2024-06-14T18:24:46.000Z,Member
90b98468496b902a48e6cf8a,5d6a1f5ad9777d66c4103d51,2024-06-14T18:24:46.000Z,Member
90b98468496b902a48e6cf8a,11a1b5ceea49f09253f955a8,2024-06-14T18:24:46.000Z,Member
90b98468496b902a48e6cf8a,21d01d11a8bae6956d4fd98d,2024-06-14T18:24:46.000Z,Member
90b98468496b902a48e6cf8a,596573b1e54591d7694cbcb9,2024-06-14T18:24:46.000Z,Member
90b98468496b902a48e6cf8a,8221d64ec10d0f8c0eaacd7d,2024-06-14T18:24:46.000Z,Member
90b98468496b902a48e6cf8a,f47c26f82c759eea28ca23c8,2024-06-14T18:24:46.000Z,Member
90b98468496b902a48e6cf8a,833b44f56b8cbece7d04def3,2024-06-14T18:24:46.000Z,Member
90b98468496b902a48e6cf8a,475654515a4b6bc03e3f1cc1,2024-06-14T18:24:46.000Z,Member
90b98468496b902a48e6cf8a,bf86ecec42cd596815b82763,2024-06-14T18:24:46.000Z,Member
90b98468496b902a48e6cf8a,d70844eaf055cda2ef7b56e9,2024-06-14T18:24:46.000Z,Member
69192b94884bae90be6c1090,8221d64ec10d0f8c0eaacd7d,2024-06-14T18:24:46.000Z,Member
69192b94884bae90be6c1090,f25c51fc7b2e63ad6cc6bf77,2024-06-14T18:24:46.000Z,Member
69192b94884bae90be6c1090,567cedea6bd680f6d9fac54a,2024-06-14T18:24:46.000Z,Member
69192b94884bae90be6c1090,9d2cdfcd0b8de5a9eb68b1b9,2024-06-14T18:24:46.000Z,Member
69192b94884bae90be6c1090,72e4b93000be75dd6e367723,2024-06-14T18:24:46.000Z,Member
69192b94884bae90be6c1090,d70844eaf055cda2ef7b56e9,2024-06-14T18:24:46.000Z,Member
69192b94884bae90be6c1090,11a1b5ceea49f09253f955a8,2024-06-14T18:24:46.000Z,Member
69192b94884bae90be6c1090,f585e5dbf71788a1594db8c5,2024-06-14T18:24:46.000Z,Member
69192b94884bae90be6c1090,1ba4b78e62930eae5731b9ca,2024-06-14T18:24:46.000Z,Member
69192b94884bae90be6c1090,5d6a1f5ad9777d66c4103d51,2024-06-14T18:24:46.000Z,Member
69192b94884bae90be6c1090,8e8ebd063ea56374b2b7dfc0,2024-06-14T18:24:46.000Z,Member
69192b94884bae90be6c1090,de5b88c96f9e4797f8902765,2024-06-14T18:24:46.000Z,Member
69192b94884bae90be6c1090,bf86ecec42cd596815b82763,2024-06-14T18:24:46.000Z,Member
69192b94884bae90be6c1090,c06acf18d21f1a7bbbe9f371,2024-06-14T18:24:46.000Z,Member
69192b94884bae90be6c1090,833b44f56b8cbece7d04def3,2024-06-14T18:24:46.000Z,Member
7c39a63f5618e26c607a8e22,72e4b93000be75dd6e367723,2024-06-14T18:24:46.000Z,Member
7c39a63f5618e26c607a8e22,71c3173179c4dcb1413b39ba,2024-06-14T18:24:46.000Z,Member
7c39a63f5618e26c607a8e22,f585e5dbf71788a1594db8c5,2024-06-14T18:24:46.000Z,Member
7c39a63f5618e26c607a8e22,f25c51fc7b2e63ad6cc6bf77,2024-06-14T18:24:46.000Z,Member
7c39a63f5618e26c607a8e22,11a1b5ceea49f09253f955a8,2024-06-14T18:24:46.000Z,Member
7c39a63f5618e26c607a8e22,596573b1e54591d7694cbcb9,2024-06-14T18:24:46.000Z,Member
7c39a63f5618e26c607a8e22,f47c26f82c759eea28ca23c8,2024-06-14T18:24:46.000Z,Member
7c39a63f5618e26c607a8e22,2eff0eddee0b8c9a2601fead,2024-06-14T18:24:46.000Z,Member
7c39a63f5618e26c607a8e22,d70844eaf055cda2ef7b56e9,2024-06-14T18:24:46.000Z,Member
7c39a63f5618e26c607a8e22,1ba4b78e62930eae5731b9ca,2024-06-14T18:24:46.000Z,Member
7c39a63f5618e26c607a8e22,5334561365d21e9ad4812095,2024-06-14T18:24:46.000Z,Member
7c39a63f5618e26c607a8e22,8221d64ec10d0f8c0eaacd7d,2024-06-14T18:24:46.000Z,Member
7c39a63f5618e26c607a8e22,567cedea6bd680f6d9fac54a,2024-06-14T18:24:46.000Z,Member
4c3ed268b333cc2d22870565,21d01d11a8bae6956d4fd98d,2024-06-14T18:24:46.000Z,Member
4c3ed268b333cc2d22870565,8221d64ec10d0f8c0eaacd7d,2024-06-14T18:24:46.000Z,Member
4c3ed268b333cc2d22870565,d70844eaf055cda2ef7b56e9,2024-06-14T18:24:46.000Z,Member
4c3ed268b333cc2d22870565,1ba4b78e62930eae5731b9ca,2024-06-14T18:24:46.000Z,Member
4c3ed268b333cc2d22870565,596573b1e54591d7694cbcb9,2024-06-14T18:24:46.000Z,Member
4c3ed268b333cc2d22870565,71c3173179c4dcb1413b39ba,2024-06-14T18:24:46.000Z,Member
4c3ed268b333cc2d22870565,f47c26f82c759eea28ca23c8,2024-06-14T18:24:46.000Z,Member
4c3ed268b333cc2d22870565,9d2cdfcd0b8de5a9eb68b1b9,2024-06-14T18:24:46.000Z,Member
4c3ed268b333cc2d22870565,f585e5dbf71788a1594db8c5,2024-06-14T18:24:46.000Z,Member
4c3ed268b333cc2d22870565,5d6a1f5ad9777d66c4103d51,2024-06-14T18:24:46.000Z,Member
4c3ed268b333cc2d22870565,72e4b93000be75dd6e367723,2024-06-14T18:24:46.000Z,Member
4c3ed268b333cc2d22870565,11a1b5ceea49f09253f955a8,2024-06-14T18:24:46.000Z,Member
4c3ed268b333cc2d22870565,bf86ecec42cd596815b82763,2024-06-14T18:24:46.000Z,Member
4c3ed268b333cc2d22870565,2eff0eddee0b8c9a2601fead,2024-06-14T18:24:46.000Z,Member
4c3ed268b333cc2d22870565,c06acf18d21f1a7bbbe9f371,2024-06-14T18:24:46.000Z,Member
4c3ed268b333cc2d22870565,a32b8962db959b002019627a,2024-06-14T18:24:46.000Z,Member
4c3ed268b333cc2d22870565,f25c51fc7b2e63ad6cc6bf77,2024-06-14T18:24:46.000Z,Member
64a48e49dff8f2f4fe7f69d6,f585e5dbf71788a1594db8c5,2024-06-14T18:24:46.000Z,Member
64a48e49dff8f2f4fe7f69d6,567cedea6bd680f6d9fac54a,2024-06-14T18:24:46.000Z,Member
64a48e49dff8f2f4fe7f69d6,596573b1e54591d7694cbcb9,2024-06-14T18:24:46.000Z,Member
64a48e49dff8f2f4fe7f69d6,9d2cdfcd0b8de5a9eb68b1b9,2024-06-14T18:24:46.000Z,Member
64a48e49dff8f2f4fe7f69d6,11a1b5ceea49f09253f955a8,2024-06-14T18:24:46.000Z,Member
64a48e49dff8f2f4fe7f69d6,1ba4b78e62930eae5731b9ca,2024-06-14T18:24:46.000Z,Member
64a48e49dff8f2f4fe7f69d6,2eff0eddee0b8c9a2601fead,2024-06-14T18:24:46.000Z,Member
64a48e49dff8f2f4fe7f69d6,f25c51fc7b2e63ad6cc6bf77,2024-06-14T18:24:46.000Z,Member
64a48e49dff8f2f4fe7f69d6,71c3173179c4dcb1413b39ba,2024-06-14T18:24:46.000Z,Member
64a48e49dff8f2f4fe7f69d6,5d6a1f5ad9777d66c4103d51,2024-06-14T18:24:46.000Z,Member
64a48e49dff8f2f4fe7f69d6,c06acf18d21f1a7bbbe9f371,2024-06-14T18:24:46.000Z,Member
64a48e49dff8f2f4fe7f69d6,d70844eaf055cda2ef7b56e9,2024-06-14T18:24:46.000Z,Member
64a48e49dff8f2f4fe7f69d6,f47c26f82c759eea28ca23c8,2024-06-14T18:24:46.000Z,Member
64a48e49dff8f2f4fe7f69d6,8494863791b8e5234eb1ad35,2024-06-14T18:24:46.000Z,Member
64a48e49dff8f2f4fe7f69d6,e99436255b727036e00eefd5,2024-06-14T18:24:46.000Z,Member
64a48e49dff8f2f4fe7f69d6,845c864a4de70832f4364f15,2024-06-14T18:24:46.000Z,Member
64a48e49dff8f2f4fe7f69d6,72e4b93000be75dd6e367723,2024-06-14T18:24:46.000Z,Member
f754e6205282c114ab66df54,f25c51fc7b2e63ad6cc6bf77,2024-06-14T18:24:46.000Z,Member
f754e6205282c114ab66df54,9d2cdfcd0b8de5a9eb68b1b9,2024-06-14T18:24:46.000Z,Member
f754e6205282c114ab66df54,21d01d11a8bae6956d4fd98d,2024-06-14T18:24:46.000Z,Member
f754e6205282c114ab66df54,567cedea6bd680f6d9fac54a,2024-06-14T18:24:46.000Z,Member
f754e6205282c114ab66df54,f585e5dbf71788a1594db8c5,2024-06-14T18:24:46.000Z,Member
f754e6205282c114ab66df54,71c3173179c4dcb1413b39ba,2024-06-14T18:24:46.000Z,Member
f754e6205282c114ab66df54,f47c26f82c759eea28ca23c8,2024-06-14T18:24:46.000Z,Member
f754e6205282c114ab66df54,8221d64ec10d0f8c0eaacd7d,2024-06-14T18:24:46.000Z,Member
f754e6205282c114ab66df54,72e4b93000be75dd6e367723,2024-06-14T18:24:46.000Z,Member
f754e6205282c114ab66df54,d70844eaf055cda2ef7b56e9,2024-06-14T18:24:46.000Z,Member
f754e6205282c114ab66df54,11a1b5ceea49f09253f955a8,2024-06-14T18:24:46.000Z,Member
f754e6205282c114ab66df54,8e8ebd063ea56374b2b7dfc0,2024-06-14T18:24:46.000Z,Member
f754e6205282c114ab66df54,5d6a1f5ad9777d66c4103d51,2024-06-14T18:24:46.000Z,Member
f754e6205282c114ab66df54,aa5e67c6ed4b1fa1a2f75d33,2024-06-14T18:24:46.000Z,Member
f754e6205282c114ab66df54,8494863791b8e5234eb1ad35,2024-06-14T18:24:46.000Z,Member
f754e6205282c114ab66df54,1ba4b78e62930eae5731b9ca,2024-06-14T18:24:46.000Z,Member
f754e6205282c114ab66df54,596573b1e54591d7694cbcb9,2024-06-14T18:24:46.000Z,Member
ab42b4328071cc3d51ef28f7,2eff0eddee0b8c9a2601fead,2024-06-14T18:24:46.000Z,Member
ab42b4328071cc3d51ef28f7,1ba4b78e62930eae5731b9ca,2024-06-14T18:24:46.000Z,Member
ab42b4328071cc3d51ef28f7,f585e5dbf71788a1594db8c5,2024-06-14T18:24:46.000Z,Member
ab42b4328071cc3d51ef28f7,f25c51fc7b2e63ad6cc6bf77,2024-06-14T18:24:46.000Z,Member
ab42b4328071cc3d51ef28f7,21d01d11a8bae6956d4fd98d,2024-06-14T18:24:46.000Z,Member
ab42b4328071cc3d51ef28f7,596573b1e54591d7694cbcb9,2024-06-14T18:24:46.000Z,Member
ab42b4328071cc3d51ef28f7,72e4b93000be75dd6e367723,2024-06-14T18:24:46.000Z,Member
ab42b4328071cc3d51ef28f7,d70844eaf055cda2ef7b56e9,2024-06-14T18:24:46.000Z,Member
ab42b4328071cc3d51ef28f7,9d2cdfcd0b8de5a9eb68b1b9,2024-06-14T18:24:46.000Z,Member
ab42b4328071cc3d51ef28f7,f47c26f82c759eea28ca23c8,2024-06-14T18:24:46.000Z,Member
ab42b4328071cc3d51ef28f7,1890a8880bcde17bb895f735,2024-06-14T18:24:46.000Z,Member
ab42b4328071cc3d51ef28f7,833b44f56b8cbece7d04def3,2024-06-14T18:24:46.000Z,Member
ab42b4328071cc3d51ef28f7,5d6a1f5ad9777d66c4103d51,2024-06-14T18:24:46.000Z,Member
ab42b4328071cc3d51ef28f7,567cedea6bd680f6d9fac54a,2024-06-14T18:24:46.000Z,Member
cbeeb87b84d5fdcc1a2d4035,8221d64ec10d0f8c0eaacd7d,2024-06-14T18:24:46.000Z,Member
cbeeb87b84d5fdcc1a2d4035,5d6a1f5ad9777d66c4103d51,2024-06-14T18:24:46.000Z,Member
cbeeb87b84d5fdcc1a2d4035,f585e5dbf71788a1594db8c5,2024-06-14T18:24:46.000Z,Member
cbeeb87b84d5fdcc1a2d4035,f47c26f82c759eea28ca23c8,2024-06-14T18:24:46.000Z,Member
cbeeb87b84d5fdcc1a2d4035,d70844eaf055cda2ef7b56e9,2024-06-14T18:24:46.000Z,Member
cbeeb87b84d5fdcc1a2d4035,9d2cdfcd0b8de5a9eb68b1b9,2024-06-14T18:24:46.000Z,Member
cbeeb87b84d5fdcc1a2d4035,21d01d11a8bae6956d4fd98d,2024-06-14T18:24:46.000Z,Member
cbeeb87b84d5fdcc1a2d4035,71c3173179c4dcb1413b39ba,2024-06-14T18:24:46.000Z,Member
cbeeb87b84d5fdcc1a2d4035,596573b1e54591d7694cbcb9,2024-06-14T18:24:46.000Z,Member
cbeeb87b84d5fdcc1a2d4035,1ba4b78e62930eae5731b9ca,2024-06-14T18:24:46.000Z,Member
cbeeb87b84d5fdcc1a2d4035,72e4b93000be75dd6e367723,2024-06-14T18:24:46.000Z,Member
cbeeb87b84d5fdcc1a2d4035,567cedea6bd680f6d9fac54a,2024-06-14T18:24:46.000Z,Member
cbeeb87b84d5fdcc1a2d4035,f25c51fc7b2e63ad6cc6bf77,2024-06-14T18:24:46.000Z,Member
cbeeb87b84d5fdcc1a2d4035,de5b88c96f9e4797f8902765,2024-06-14T18:24:46.000Z,Member
280e1356f8fc0a51542a9b1f,5d6a1f5ad9777d66c4103d51,2024-06-14T18:24:46.000Z,Member
280e1356f8fc0a51542a9b1f,21d01d11a8bae6956d4fd98d,2024-06-14T18:24:46.000Z,Member
280e1356f8fc0a51542a9b1f,596573b1e54591d7694cbcb9,2024-06-14T18:24:46.000Z,Member
280e1356f8fc0a51542a9b1f,f47c26f82c759eea28ca23c8,2024-06-14T18:24:46.000Z,Member
280e1356f8fc0a51542a9b1f,11a1b5ceea49f09253f955a8,2024-06-14T18:24:46.000Z,Member
280e1356f8fc0a51542a9b1f,8221d64ec10d0f8c0eaacd7d,2024-06-14T18:24:46.000Z,Member
280e1356f8fc0a51542a9b1f,567cedea6bd680f6d9fac54a,2024-06-14T18:24:46.000Z,Member
280e1356f8fc0a51542a9b1f,1ba4b78e62930eae5731b9ca,2024-06-14T18:24:46.000Z,Member
280e1356f8fc0a51542a9b1f,9d2cdfcd0b8de5a9eb68b1b9,2024-06-14T18:24:46.000Z,Member
280e1356f8fc0a51542a9b1f,f25c51fc7b2e63ad6cc6bf77,2024-06-14T18:24:46.000Z,Member
280e1356f8fc0a51542a9b1f,de5b88c96f9e4797f8902765,2024-06-14T18:24:46.000Z,Member
280e1356f8fc0a51542a9b1f,1890a8880bcde17bb895f735,2024-06-14T18:24:46.000Z,Member
280e1356f8fc0a51542a9b1f,71c3173179c4dcb1413b39ba,2024-06-14T18:24:46.000Z,Member
30a5b6cfd0b0ff143fd9af55,d70844eaf055cda2ef7b56e9,2024-06-14T18:24:46.000Z,Member
30a5b6cfd0b0ff143fd9af55,8221d64ec10d0f8c0eaacd7d,2024-06-14T18:24:46.000Z,Member
30a5b6cfd0b0ff143fd9af55,72e4b93000be75dd6e367723,2024-06-14T18:24:46.000Z,Member
30a5b6cfd0b0ff143fd9af55,f47c26f82c759eea28ca23c8,2024-06-14T18:24:46.000Z,Member
30a5b6cfd0b0ff143fd9af55,2eff0eddee0b8c9a2601fead,2024-06-14T18:24:46.000Z,Member
30a5b6cfd0b0ff143fd9af55,596573b1e54591d7694cbcb9,2024-06-14T18:24:46.000Z,Member
30a5b6cfd0b0ff143fd9af55,567cedea6bd680f6d9fac54a,2024-06-14T18:24:46.000Z,Member
30a5b6cfd0b0ff143fd9af55,f25c51fc7b2e63ad6cc6bf77,2024-06-14T18:24:46.000Z,Member
30a5b6cfd0b0ff143fd9af55,71c3173179c4dcb1413b39ba,2024-06-14T18:24:46.000Z,Member
30a5b6cfd0b0ff143fd9af55,21d01d11a8bae6956d4fd98d,2024-06-14T18:24:46.000Z,Member
30a5b6cfd0b0ff143fd9af55,5d6a1f5ad9777d66c4103d51,2024-06-14T18:24:46.000Z,Member
30a5b6cfd0b0ff143fd9af55,1890a8880bcde17bb895f735,2024-06-14T18:24:46.000Z,Member
30a5b6cfd0b0ff143fd9af55,f585e5dbf71788a1594db8c5,2024-06-14T18:24:46.000Z,Member
30a5b6cfd0b0ff143fd9af55,9d2cdfcd0b8de5a9eb68b1b9,2024-06-14T18:24:46.000Z,Member
30a5b6cfd0b0ff143fd9af55,aa5e67c6ed4b1fa1a2f75d33,2024-06-14T18:24:46.000Z,Member
30a5b6cfd0b0ff143fd9af55,de5b88c96f9e4797f8902765,2024-06-14T18:24:46.000Z,Member
30a5b6cfd0b0ff143fd9af55,833b44f56b8cbece7d04def3,2024-06-14T18:24:46.000Z,Member
ec3f8bda59dba18444c0f944,71c3173179c4dcb1413b39ba,2024-06-14T18:24:46.000Z,Member
ec3f8bda59dba18444c0f944,21d01d11a8bae6956d4fd98d,2024-06-14T18:24:46.000Z,Member
ec3f8bda59dba18444c0f944,567cedea6bd680f6d9fac54a,2024-06-14T18:24:46.000Z,Member
ec3f8bda59dba18444c0f944,f47c26f82c759eea28ca23c8,2024-06-14T18:24:46.000Z,Member
ec3f8bda59dba18444c0f944,596573b1e54591d7694cbcb9,2024-06-14T18:24:46.000Z,Member
ec3f8bda59dba18444c0f944,72e4b93000be75dd6e367723,2024-06-14T18:24:46.000Z,Member
ec3f8bda59dba18444c0f944,8221d64ec10d0f8c0eaacd7d,2024-06-14T18:24:46.000Z,Member
ec3f8bda59dba18444c0f944,5d6a1f5ad9777d66c4103d51,2024-06-14T18:24:46.000Z,Member
ec3f8bda59dba18444c0f944,11a1b5ceea49f09253f955a8,2024-06-14T18:24:46.000Z,Member
ec3f8bda59dba18444c0f944,9d2cdfcd0b8de5a9eb68b1b9,2024-06-14T18:24:46.000Z,Member
ec3f8bda59dba18444c0f944,1ba4b78e62930eae5731b9ca,2024-06-14T18:24:46.000Z,Member
ec3f8bda59dba18444c0f944,bf86ecec42cd596815b82763,2024-06-14T18:24:46.000Z,Member
ec3f8bda59dba18444c0f944,8e8ebd063ea56374b2b7dfc0,2024-06-14T18:24:46.000Z,Member
ec3f8bda59dba18444c0f944,833b44f56b8cbece7d04def3,2024-06-14T18:24:46.000Z,Member
ec3f8bda59dba18444c0f944,e99436255b727036e00eefd5,2024-06-14T18:24:46.000Z,Member
ec3f8bda59dba18444c0f944,de5b88c96f9e4797f8902765,2024-06-14T18:24:46.000Z,Member
ec3f8bda59dba18444c0f944,2eff0eddee0b8c9a2601fead,2024-06-14T18:24:46.000Z,Member
7a76aa974bed163b80b97538,72e4b93000be75dd6e367723,2024-06-14T18:24:46.000Z,Member
7a76aa974bed163b80b97538,596573b1e54591d7694cbcb9,2024-06-14T18:24:46.000Z,Member
7a76aa974bed163b80b97538,f585e5dbf71788a1594db8c5,2024-06-14T18:24:46.000Z,Member
7a76aa974bed163b80b97538,71c3173179c4dcb1413b39ba,2024-06-14T18:24:46.000Z,Member
7a76aa974bed163b80b97538,567cedea6bd680f6d9fac54a,2024-06-14T18:24:46.000Z,Member
7a76aa974bed163b80b97538,9d2cdfcd0b8de5a9eb68b1b9,2024-06-14T18:24:46.000Z,Member
7a76aa974bed163b80b97538,11a1b5ceea49f09253f955a8,2024-06-14T18:24:46.000Z,Member
7a76aa974bed163b80b97538,5d6a1f5ad9777d66c4103d51,2024-06-14T18:24:46.000Z,Member
7a76aa974bed163b80b97538,f25c51fc7b2e63ad6cc6bf77,2024-06-14T18:24:46.000Z,Member
7a76aa974bed163b80b97538,1ba4b78e62930eae5731b9ca,2024-06-14T18:24:46.000Z,Member
7a76aa974bed163b80b97538,d70844eaf055cda2ef7b56e9,2024-06-14T18:24:46.000Z,Member
7a76aa974bed163b80b97538,2eff0eddee0b8c9a2601fead,2024-06-14T18:24:46.000Z,Member
7a76aa974bed163b80b97538,21d01d11a8bae6956d4fd98d,2024-06-14T18:24:46.000Z,Member
7a76aa974bed163b80b97538,de5b88c96f9e4797f8902765,2024-06-14T18:24:46.000Z,Member
5de1e2e4b86c70ea30564602,5d6a1f5ad9777d66c4103d51,2024-06-14T18:24:46.000Z,Member
5de1e2e4b86c70ea30564602,8221d64ec10d0f8c0eaacd7d,2024-06-14T18:24:46.000Z,Member
5de1e2e4b86c70ea30564602,f585e5dbf71788a1594db8c5,2024-06-14T18:24:46.000Z,Member
5de1e2e4b86c70ea30564602,2eff0eddee0b8c9a2601fead,2024-06-14T18:24:46.000Z,Member
5de1e2e4b86c70ea30564602,9d2cdfcd0b8de5a9eb68b1b9,2024-06-14T18:24:46.000Z,Member
5de1e2e4b86c70ea30564602,21d01d11a8bae6956d4fd98d,2024-06-14T18:24:46.000Z,Member
5de1e2e4b86c70ea30564602,11a1b5ceea49f09253f955a8,2024-06-14T18:24:46.000Z,Member
5de1e2e4b86c70ea30564602,f25c51fc7b2e63ad6cc6bf77,2024-06-14T18:24:46.000Z,Member
5de1e2e4b86c70ea30564602,596573b1e54591d7694cbcb9,2024-06-14T18:24:46.000Z,Member
5de1e2e4b86c70ea30564602,1ba4b78e62930eae5731b9ca,2024-06-14T18:24:46.000Z,Member
5de1e2e4b86c70ea30564602,72e4b93000be75dd6e367723,2024-06-14T18:24:46.000Z,Member
5de1e2e4b86c70ea30564602,8494863791b8e5234eb1ad35,2024-06-14T18:24:46.000Z,Member
5de1e2e4b86c70ea30564602,f579a2579d8d862480fad2b8,2024-06-14T18:24:46.000Z,Member
5de1e2e4b86c70ea30564602,567cedea6bd680f6d9fac54a,2024-06-14T18:24:46.000Z,Member
a730b0e06e8671f276a3958c,567cedea6bd680f6d9fac54a,2024-06-14T18:24:46.000Z,Member
a730b0e06e8671f276a3958c,596573b1e54591d7694cbcb9,2024-06-14T18:24:46.000Z,Member
a730b0e06e8671f276a3958c,8221d64ec10d0f8c0eaacd7d,2024-06-14T18:24:46.000Z,Member
a730b0e06e8671f276a3958c,11a1b5ceea49f09253f955a8,2024-06-14T18:24:46.000Z,Member
a730b0e06e8671f276a3958c,f47c26f82c759eea28ca23c8,2024-06-14T18:24:46.000Z,Member
a730b0e06e8671f276a3958c,2eff0eddee0b8c9a2601fead,2024-06-14T18:24:46.000Z,Member
a730b0e06e8671f276a3958c,1ba4b78e62930eae5731b9ca,2024-06-14T18:24:46.000Z,Member
a730b0e06e8671f276a3958c,71c3173179c4dcb1413b39ba,2024-06-14T18:24:46.000Z,Member
a730b0e06e8671f276a3958c,5d6a1f5ad9777d66c4103d51,2024-06-14T18:24:46.000Z,Member
a730b0e06e8671f276a3958c,21d01d11a8bae6956d4fd98d,2024-06-14T18:24:46.000Z,Member
a730b0e06e8671f276a3958c,9d2cdfcd0b8de5a9eb68b1b9,2024-06-14T18:24:46.000Z,Member
a730b0e06e8671f276a3958c,72e4b93000be75dd6e367723,2024-06-14T18:24:46.000Z,Member
a730b0e06e8671f276a3958c,f579a2579d8d862480fad2b8,2024-06-14T18:24:46.000Z,Member
05f73e7c4d3e0d670d7a2362,11a1b5ceea49f09253f955a8,2024-06-14T18:24:46.000Z,Member
05f73e7c4d3e0d670d7a2362,9d2cdfcd0b8de5a9eb68b1b9,2024-06-14T18:24:46.000Z,Member
05f73e7c4d3e0d670d7a2362,71c3173179c4dcb1413b39ba,2024-06-14T18:24:46.000Z,Member
05f73e7c4d3e0d670d7a2362,8221d64ec10d0f8c0eaacd7d,2024-06-14T18:24:46.000Z,Member
05f73e7c4d3e0d670d7a2362,21d01d11a8bae6956d4fd98d,2024-06-14T18:24:46.000Z,Member
05f73e7c4d3e0d670d7a2362,f585e5dbf71788a1594db8c5,2024-06-14T18:24:46.000Z,Member
05f73e7c4d3e0d670d7a2362,72e4b93000be75dd6e367723,2024-06-14T18:24:46.000Z,Member
05f73e7c4d3e0d670d7a2362,567cedea6bd680f6d9fac54a,2024-06-14T18:24:46.000Z,Member
05f73e7c4d3e0d670d7a2362,d70844eaf055cda2ef7b56e9,2024-06-14T18:24:46.000Z,Member
05f73e7c4d3e0d670d7a2362,f25c51fc7b2e63ad6cc6bf77,2024-06-14T18:24:46.000Z,Member
05f73e7c4d3e0d670d7a2362,596573b1e54591d7694cbcb9,2024-06-14T18:24:46.000Z,Member
05f73e7c4d3e0d670d7a2362,5d6a1f5ad9777d66c4103d51,2024-06-14T18:24:46.000Z,Member
05f73e7c4d3e0d670d7a2362,f47c26f82c759eea28ca23c8,2024-06-14T18:24:46.000Z,Member
05f73e7c4d3e0d670d7a2362,e99436255b727036e00eefd5,2024-06-14T18:24:46.000Z,Member
05f73e7c4d3e0d670d7a2362,2eff0eddee0b8c9a2601fead,2024-06-14T18:24:46.000Z,Member
05f73e7c4d3e0d670d7a2362,845c864a4de70832f4364f15,2024-06-14T18:24:46.000Z,Member
05f73e7c4d3e0d670d7a2362,833b44f56b8cbece7d04def3,2024-06-14T18:24:46.000Z,Member
253a9e543568b49f760bee58,72e4b93000be75dd6e367723,2024-06-14T18:24:46.000Z,Member
253a9e543568b49f760bee58,567cedea6bd680f6d9fac54a,2024-06-14T18:24:46.000Z,Member
253a9e543568b49f760bee58,596573b1e54591d7694cbcb9,2024-06-14T18:24:46.000Z,Member
253a9e543568b49f760bee58,2eff0eddee0b8c9a2601fead,2024-06-14T18:24:46.000Z,Member
253a9e543568b49f760bee58,1ba4b78e62930eae5731b9ca,2024-06-14T18:24:46.000Z,Member
253a9e543568b49f760bee58,f47c26f82c759eea28ca23c8,2024-06-14T18:24:46.000Z,Member
253a9e543568b49f760bee58,9d2cdfcd0b8de5a9eb68b1b9,2024-06-14T18:24:46.000Z,Member
253a9e543568b49f760bee58,d70844eaf055cda2ef7b56e9,2024-06-14T18:24:46.000Z,Member
253a9e543568b49f760bee58,8221d64ec10d0f8c0eaacd7d,2024-06-14T18:24:46.000Z,Member
253a9e543568b49f760bee58,71c3173179c4dcb1413b39ba,2024-06-14T18:24:46.000Z,Member
253a9e543568b49f760bee58,de5b88c96f9e4797f8902765,2024-06-14T18:24:46.000Z,Member
253a9e543568b49f760bee58,5d6a1f5ad9777d66c4103d51,2024-06-14T18:24:46.000Z,Member
253a9e543568b49f760bee58,21d01d11a8bae6956d4fd98d,2024-06-14T18:24:46.000Z,Member
253a9e543568b49f760bee58,8e8ebd063ea56374b2b7dfc0,2024-06-14T18:24:46.000Z,Member