userId,InvitationId,status
f25c51fc7b2e63ad6cc6bf77,666c8aee94b6b991c56cfd1c,Pending
9d2cdfcd0b8de5a9eb68b1b9,666c8aee94b6b991c56cfd1c,Pending
1ba4b78e62930eae5731b9ca,666c8aee94b6b991c56cfd1c,Pending
f585e5dbf71788a1594db8c5,666c8aee94b6b991c56cfd1c,Pending
d70844eaf055cda2ef7b56e9,666c8aee94b6b991c56cfd1c,Pending
21d01d11a8bae6956d4fd98d,666c8aee94b6b991c56cfd1c,Cancelled
596573b1e54591d7694cbcb9,666c8aee94b6b991c56cfd1c,Cancelled
11a1b5ceea49f09253f955a8,666c8aee94b6b991c56cfd1c,Cancelled
5d6a1f5ad9777d66c4103d51,666c8aee94b6b991c56cfd1c,Cancelled
71c3173179c4dcb1413b39ba,666c8aee94b6b991c56cfd1c,Cancelled
567cedea6bd680f6d9fac54a,666c8aee94b6b991c56cfd1c,Accepted
f47c26f82c759eea28ca23c8,666c8aee94b6b991c56cfd1c,Accepted
aa5e67c6ed4b1fa1a2f75d33,666c8aee94b6b991c56cfd1c,Accepted
8221d64ec10d0f8c0eaacd7d,666c8aee94b6b991c56cfd1c,Accepted
2eff0eddee0b8c9a2601fead,666c8aee94b6b991c56cfd1c,Accepted
8494863791b8e5234eb1ad35,666c8aee94b6b991c56cfd1c,Accepted
5334561365d21e9ad4812095,666c8aee94b6b991c56cfd1c,Accepted
f585e5dbf71788a1594db8c5,666c8aee94b6b991c56cfd1d,Pending
72e4b93000be75dd6e367723,666c8aee94b6b991c56cfd1d,Pending
f25c51fc7b2e63ad6cc6bf77,666c8aee94b6b991c56cfd1d,Pending
9d2cdfcd0b8de5a9eb68b1b9,666c8aee94b6b991c56cfd1d,Pending
71c3173179c4dcb1413b39ba,666c8aee94b6b991c56cfd1d,Pending
596573b1e54591d7694cbcb9,666c8aee94b6b991c56cfd1d,Cancelled
d70844eaf055cda2ef7b56e9,666c8aee94b6b991c56cfd1d,Cancelled
2eff0eddee0b8c9a2601fead,666c8aee94b6b991c56cfd1d,Cancelled
8221d64ec10d0f8c0eaacd7d,666c8aee94b6b991c56cfd1d,Cancelled
5d6a1f5ad9777d66c4103d51,666c8aee94b6b991c56cfd1d,Cancelled
f47c26f82c759eea28ca23c8,666c8aee94b6b991c56cfd1d,Accepted
845c864a4de70832f4364f15,666c8aee94b6b991c56cfd1d,Accepted
8494863791b8e5234eb1ad35,666c8aee94b6b991c56cfd1d,Accepted
f579a2579d8d862480fad2b8,666c8aee94b6b991c56cfd1d,Accepted
21d01d11a8bae6956d4fd98d,666c8aee94b6b991c56cfd1d,Accepted
8e8ebd063ea56374b2b7dfc0,666c8aee94b6b991c56cfd1d,Accepted
475654515a4b6bc03e3f1cc1,666c8aee94b6b991c56cfd1d,Accepted
567cedea6bd680f6d9fac54a,666c8aee94b6b991c56cfd1e,Pending
f585e5dbf71788a1594db8c5,666c8aee94b6b991c56cfd1e,Pending
9d2cdfcd0b8de5a9eb68b1b9,666c8aee94b6b991c56cfd1e,Pending
596573b1e54591d7694cbcb9,666c8aee94b6b991c56cfd1e,Pending
11a1b5ceea49f09253f955a8,666c8aee94b6b991c56cfd1e,Pending
2eff0eddee0b8c9a2601fead,666c8aee94b6b991c56cfd1e,Cancelled
f25c51fc7b2e63ad6cc6bf77,666c8aee94b6b991c56cfd1e,Cancelled
f47c26f82c759eea28ca23c8,666c8aee94b6b991c56cfd1e,Cancelled
71c3173179c4dcb1413b39ba,666c8aee94b6b991c56cfd1e,Cancelled
1ba4b78e62930eae5731b9ca,666c8aee94b6b991c56cfd1e,Cancelled
845c864a4de70832f4364f15,666c8aee94b6b991c56cfd1e,Accepted
5d6a1f5ad9777d66c4103d51,666c8aee94b6b991c56cfd1e,Accepted
72e4b93000be75dd6e367723,666c8aee94b6b991c56cfd1e,Accepted
d70844eaf055cda2ef7b56e9,666c8aee94b6b991c56cfd1e,Accepted
8221d64ec10d0f8c0eaacd7d,666c8aee94b6b991c56cfd1e,Accepted
8e8ebd063ea56374b2b7dfc0,666c8aee94b6b991c56cfd1e,Accepted
bf86ecec42cd596815b82763,666c8aee94b6b991c56cfd1e,Accepted
11a1b5ceea49f09253f955a8,666c8aee94b6b991c56cfd1f,Pending
f25c51fc7b2e63ad6cc6bf77,666c8aee94b6b991c56cfd1f,Pending
567cedea6bd680f6d9fac54a,666c8aee94b6b991c56cfd1f,Pending
5d6a1f5ad9777d66c4103d51,666c8aee94b6b991c56cfd1f,Pending
9d2cdfcd0b8de5a9eb68b1b9,666c8aee94b6b991c56cfd1f,Pending
596573b1e54591d7694cbcb9,666c8aee94b6b991c56cfd1f,Cancelled
d70844eaf055cda2ef7b56e9,666c8aee94b6b991c56cfd1f,Cancelled
1ba4b78e62930eae5731b9ca,666c8aee94b6b991c56cfd1f,Cancelled
71c3173179c4dcb1413b39ba,666c8aee94b6b991c56cfd1f,Cancelled
72e4b93000be75dd6e367723,666c8aee94b6b991c56cfd1f,Cancelled
21d01d11a8bae6956d4fd98d,666c8aee94b6b991c56cfd1f,Accepted
475654515a4b6bc03e3f1cc1,666c8aee94b6b991c56cfd1f,Accepted
8221d64ec10d0f8c0eaacd7d,666c8aee94b6b991c56cfd1f,Accepted
f47c26f82c759eea28ca23c8,666c8aee94b6b991c56cfd1f,Accepted
845c864a4de70832f4364f15,666c8aee94b6b991c56cfd1f,Accepted
f585e5dbf71788a1594db8c5,666c8aee94b6b991c56cfd1f,Accepted
bf86ecec42cd596815b82763,666c8aee94b6b991c56cfd1f,Accepted
de5b88c96f9e4797f8902765,666c8aee94b6b991c56cfd1f,Accepted
596573b1e54591d7694cbcb9,666c8aee94b6b991c56cfd20,Pending
1ba4b78e62930eae5731b9ca,666c8aee94b6b991c56cfd20,Pending
f585e5dbf71788a1594db8c5,666c8aee94b6b991c56cfd20,Pending
21d01d11a8bae6956d4fd98d,666c8aee94b6b991c56cfd20,Pending
11a1b5ceea49f09253f955a8,666c8aee94b6b991c56cfd20,Pending
567cedea6bd680f6d9fac54a,666c8aee94b6b991c56cfd20,Cancelled
d70844eaf055cda2ef7b56e9,666c8aee94b6b991c56cfd20,Cancelled
f47c26f82c759eea28ca23c8,666c8aee94b6b991c56cfd20,Cancelled
9d2cdfcd0b8de5a9eb68b1b9,666c8aee94b6b991c56cfd20,Cancelled
f25c51fc7b2e63ad6cc6bf77,666c8aee94b6b991c56cfd20,Cancelled
a32b8962db959b002019627a,666c8aee94b6b991c56cfd20,Accepted
72e4b93000be75dd6e367723,666c8aee94b6b991c56cfd20,Accepted
bf86ecec42cd596815b82763,666c8aee94b6b991c56cfd20,Accepted
5334561365d21e9ad4812095,666c8aee94b6b991c56cfd20,Accepted
72e4b93000be75dd6e367723,666c8aee94b6b991c56cfd21,Pending
9d2cdfcd0b8de5a9eb68b1b9,666c8aee94b6b991c56cfd21,Pending
21d01d11a8bae6956d4fd98d,666c8aee94b6b991c56cfd21,Pending
71c3173179c4dcb1413b39ba,666c8aee94b6b991c56cfd21,Pending
596573b1e54591d7694cbcb9,666c8aee94b6b991c56cfd21,Pending
d70844eaf055cda2ef7b56e9,666c8aee94b6b991c56cfd21,Cancelled
1ba4b78e62930eae5731b9ca,666c8aee94b6b991c56cfd21,Cancelled
f47c26f82c759eea28ca23c8,666c8aee94b6b991c56cfd21,Cancelled
8221d64ec10d0f8c0eaacd7d,666c8aee94b6b991c56cfd21,Cancelled
567cedea6bd680f6d9fac54a,666c8aee94b6b991c56cfd21,Cancelled
2eff0eddee0b8c9a2601fead,666c8aee94b6b991c56cfd21,Accepted
f585e5dbf71788a1594db8c5,666c8aee94b6b991c56cfd21,Accepted
475654515a4b6bc03e3f1cc1,666c8aee94b6b991c56cfd21,Accepted
f25c51fc7b2e63ad6cc6bf77,666c8aee94b6b991c56cfd21,Accepted
596573b1e54591d7694cbcb9,666c8aee94b6b991c56cfd22,Pending
21d01d11a8bae6956d4fd98d,666c8aee94b6b991c56cfd22,Pending
71c3173179c4dcb1413b39ba,666c8aee94b6b991c56cfd22,Pending
f585e5dbf71788a1594db8c5,666c8aee94b6b991c56cfd22,Pending
1ba4b78e62930eae5731b9ca,666c8aee94b6b991c56cfd22,Pending
d70844eaf055cda2ef7b56e9,666c8aee94b6b991c56cfd22,Cancelled
f47c26f82c759eea28ca23c8,666c8aee94b6b991c56cfd22,Cancelled
72e4b93000be75dd6e367723,666c8aee94b6b991c56cfd22,Cancelled
11a1b5ceea49f09253f955a8,666c8aee94b6b991c56cfd22,Cancelled
9d2cdfcd0b8de5a9eb68b1b9,666c8aee94b6b991c56cfd22,Cancelled
f579a2579d8d862480fad2b8,666c8aee94b6b991c56cfd22,Accepted
833b44f56b8cbece7d04def3,666c8aee94b6b991c56cfd22,Accepted
f25c51fc7b2e63ad6cc6bf77,666c8aee94b6b991c56cfd22,Accepted
567cedea6bd680f6d9fac54a,666c8aee94b6b991c56cfd22,Accepted
8221d64ec10d0f8c0eaacd7d,666c8aee94b6b991c56cfd22,Accepted
845c864a4de70832f4364f15,666c8aee94b6b991c56cfd22,Accepted
5334561365d21e9ad4812095,666c8aee94b6b991c56cfd22,Accepted
e99436255b727036e00eefd5,666c8aee94b6b991c56cfd22,Accepted
21d01d11a8bae6956d4fd98d,666c8aee94b6b991c56cfd23,Pending
567cedea6bd680f6d9fac54a,666c8aee94b6b991c56cfd23,Pending
5d6a1f5ad9777d66c4103d51,666c8aee94b6b991c56cfd23,Pending
f585e5dbf71788a1594db8c5,666c8aee94b6b991c56cfd23,Pending
8221d64ec10d0f8c0eaacd7d,666c8aee94b6b991c56cfd23,Pending
71c3173179c4dcb1413b39ba,666c8aee94b6b991c56cfd23,Cancelled
1ba4b78e62930eae5731b9ca,666c8aee94b6b991c56cfd23,Cancelled
f47c26f82c759eea28ca23c8,666c8aee94b6b991c56cfd23,Cancelled
72e4b93000be75dd6e367723,666c8aee94b6b991c56cfd23,Cancelled
2eff0eddee0b8c9a2601fead,666c8aee94b6b991c56cfd23,Accepted
e99436255b727036e00eefd5,666c8aee94b6b991c56cfd23,Accepted
d70844eaf055cda2ef7b56e9,666c8aee94b6b991c56cfd23,Accepted
9d2cdfcd0b8de5a9eb68b1b9,666c8aee94b6b991c56cfd23,Accepted
f579a2579d8d862480fad2b8,666c8aee94b6b991c56cfd23,Accepted
f25c51fc7b2e63ad6cc6bf77,666c8aee94b6b991c56cfd23,Accepted
11a1b5ceea49f09253f955a8,666c8aee94b6b991c56cfd23,Accepted
d70844eaf055cda2ef7b56e9,666c8aee94b6b991c56cfd24,Pending
596573b1e54591d7694cbcb9,666c8aee94b6b991c56cfd24,Pending
2eff0eddee0b8c9a2601fead,666c8aee94b6b991c56cfd24,Pending
11a1b5ceea49f09253f955a8,666c8aee94b6b991c56cfd24,Pending
8221d64ec10d0f8c0eaacd7d,666c8aee94b6b991c56cfd24,Pending
567cedea6bd680f6d9fac54a,666c8aee94b6b991c56cfd24,Cancelled
21d01d11a8bae6956d4fd98d,666c8aee94b6b991c56cfd24,Cancelled
71c3173179c4dcb1413b39ba,666c8aee94b6b991c56cfd24,Cancelled
f585e5dbf71788a1594db8c5,666c8aee94b6b991c56cfd24,Cancelled
f47c26f82c759eea28ca23c8,666c8aee94b6b991c56cfd24,Cancelled
72e4b93000be75dd6e367723,666c8aee94b6b991c56cfd24,Accepted
1890a8880bcde17bb895f735,666c8aee94b6b991c56cfd24,Accepted
1ba4b78e62930eae5731b9ca,666c8aee94b6b991c56cfd24,Accepted
833b44f56b8cbece7d04def3,666c8aee94b6b991c56cfd24,Accepted
845c864a4de70832f4364f15,666c8aee94b6b991c56cfd24,Accepted
11a1b5ceea49f09253f955a8,666c8aee94b6b991c56cfd25,Pending
596573b1e54591d7694cbcb9,666c8aee94b6b991c56cfd25,Pending
72e4b93000be75dd6e367723,666c8aee94b6b991c56cfd25,Pending
567cedea6bd680f6d9fac54a,666c8aee94b6b991c56cfd25,Pending
d70844eaf055cda2ef7b56e9,666c8aee94b6b991c56cfd25,Pending
5d6a1f5ad9777d66c4103d51,666c8aee94b6b991c56cfd25,Cancelled
1ba4b78e62930eae5731b9ca,666c8aee94b6b991c56cfd25,Cancelled
9d2cdfcd0b8de5a9eb68b1b9,666c8aee94b6b991c56cfd25,Cancelled
f585e5dbf71788a1594db8c5,666c8aee94b6b991c56cfd25,Cancelled
f25c51fc7b2e63ad6cc6bf77,666c8aee94b6b991c56cfd25,Cancelled
1890a8880bcde17bb895f735,666c8aee94b6b991c56cfd25,Accepted
de5b88c96f9e4797f8902765,666c8aee94b6b991c56cfd25,Accepted
8494863791b8e5234eb1ad35,666c8aee94b6b991c56cfd25,Accepted
2eff0eddee0b8c9a2601fead,666c8aee94b6b991c56cfd25,Accepted
1ba4b78e62930eae5731b9ca,666c8aee94b6b991c56cfd26,Pending
f47c26f82c759eea28ca23c8,666c8aee94b6b991c56cfd26,Pending
f585e5dbf71788a1594db8c5,666c8aee94b6b991c56cfd26,Pending
71c3173179c4dcb1413b39ba,666c8aee94b6b991c56cfd26,Pending
5d6a1f5ad9777d66c4103d51,666c8aee94b6b991c56cfd26,Pending
2eff0eddee0b8c9a2601fead,666c8aee94b6b991c56cfd26,Cancelled
596573b1e54591d7694cbcb9,666c8aee94b6b991c56cfd26,Cancelled
72e4b93000be75dd6e367723,666c8aee94b6b991c56cfd26,Cancelled
11a1b5ceea49f09253f955a8,666c8aee94b6b991c56cfd26,Cancelled
8221d64ec10d0f8c0eaacd7d,666c8aee94b6b991c56cfd26,Cancelled
8e8ebd063ea56374b2b7dfc0,666c8aee94b6b991c56cfd26,Accepted
21d01d11a8bae6956d4fd98d,666c8aee94b6b991c56cfd26,Accepted
d70844eaf055cda2ef7b56e9,666c8aee94b6b991c56cfd26,Accepted
f25c51fc7b2e63ad6cc6bf77,666c8aee94b6b991c56cfd26,Accepted
567cedea6bd680f6d9fac54a,666c8aee94b6b991c56cfd27,Pending
71c3173179c4dcb1413b39ba,666c8aee94b6b991c56cfd27,Pending
72e4b93000be75dd6e367723,666c8aee94b6b991c56cfd27,Pending
f585e5dbf71788a1594db8c5,666c8aee94b6b991c56cfd27,Pending
2eff0eddee0b8c9a2601fead,666c8aee94b6b991c56cfd27,Pending
8221d64ec10d0f8c0eaacd7d,666c8aee94b6b991c56cfd27,Cancelled
11a1b5ceea49f09253f955a8,666c8aee94b6b991c56cfd27,Cancelled
f25c51fc7b2e63ad6cc6bf77,666c8aee94b6b991c56cfd27,Cancelled
21d01d11a8bae6956d4fd98d,666c8aee94b6b991c56cfd27,Cancelled
596573b1e54591d7694cbcb9,666c8aee94b6b991c56cfd27,Cancelled
1ba4b78e62930eae5731b9ca,666c8aee94b6b991c56cfd27,Accepted
9d2cdfcd0b8de5a9eb68b1b9,666c8aee94b6b991c56cfd27,Accepted
1890a8880bcde17bb895f735,666c8aee94b6b991c56cfd27,Accepted
5d6a1f5ad9777d66c4103d51,666c8aee94b6b991c56cfd27,Accepted
f47c26f82c759eea28ca23c8,666c8aee94b6b991c56cfd27,Accepted
567cedea6bd680f6d9fac54a,666c8aee94b6b991c56cfd28,Pending
d70844eaf055cda2ef7b56e9,666c8aee94b6b991c56cfd28,Pending
2eff0eddee0b8c9a2601fead,666c8aee94b6b991c56cfd28,Pending
5d6a1f5ad9777d66c4103d51,666c8aee94b6b991c56cfd28,Pending
f585e5dbf71788a1594db8c5,666c8aee94b6b991c56cfd28,Pending
9d2cdfcd0b8de5a9eb68b1b9,666c8aee94b6b991c56cfd28,Cancelled
8221d64ec10d0f8c0eaacd7d,666c8aee94b6b991c56cfd28,Cancelled
72e4b93000be75dd6e367723,666c8aee94b6b991c56cfd28,Cancelled
71c3173179c4dcb1413b39ba,666c8aee94b6b991c56cfd28,Cancelled
596573b1e54591d7694cbcb9,666c8aee94b6b991c56cfd28,Cancelled
845c864a4de70832f4364f15,666c8aee94b6b991c56cfd28,Accepted
f47c26f82c759eea28ca23c8,666c8aee94b6b991c56cfd28,Accepted
11a1b5ceea49f09253f955a8,666c8aee94b6b991c56cfd28,Accepted
5334561365d21e9ad4812095,666c8aee94b6b991c56cfd28,Accepted
475654515a4b6bc03e3f1cc1,666c8aee94b6b991c56cfd28,Accepted
f25c51fc7b2e63ad6cc6bf77,666c8aee94b6b991c56cfd28,Accepted
2eff0eddee0b8c9a2601fead,666c8aee94b6b991c56cfd29,Pending
72e4b93000be75dd6e367723,666c8aee94b6b991c56cfd29,Pending
71c3173179c4dcb1413b39ba,666c8aee94b6b991c56cfd29,Pending
1ba4b78e62930eae5731b9ca,666c8aee94b6b991c56cfd29,Pending
9d2cdfcd0b8de5a9eb68b1b9,666c8aee94b6b991c56cfd29,Pending
f25c51fc7b2e63ad6cc6bf77,666c8aee94b6b991c56cfd29,Cancelled
5d6a1f5ad9777d66c4103d51,666c8aee94b6b991c56cfd29,Cancelled
11a1b5ceea49f09253f955a8,666c8aee94b6b991c56cfd29,Cancelled
21d01d11a8bae6956d4fd98d,666c8aee94b6b991c56cfd29,Cancelled
596573b1e54591d7694cbcb9,666c8aee94b6b991c56cfd29,Cancelled
8221d64ec10d0f8c0eaacd7d,666c8aee94b6b991c56cfd29,Accepted
f47c26f82c759eea28ca23c8,666c8aee94b6b991c56cfd29,Accepted
833b44f56b8cbece7d04def3,666c8aee94b6b991c56cfd29,Accepted
475654515a4b6bc03e3f1cc1,666c8aee94b6b991c56cfd29,Accepted
bf86ecec42cd596815b82763,666c8aee94b6b991c56cfd29,Accepted
d70844eaf055cda2ef7b56e9,666c8aee94b6b991c56cfd29,Accepted
8221d64ec10d0f8c0eaacd7d,666c8aee94b6b991c56cfd2a,Pending
f25c51fc7b2e63ad6cc6bf77,666c8aee94b6b991c56cfd2a,Pending
567cedea6bd680f6d9fac54a,666c8aee94b6b991c56cfd2a,Pending
9d2cdfcd0b8de5a9eb68b1b9,666c8aee94b6b991c56cfd2a,Pending
72e4b93000be75dd6e367723,666c8aee94b6b991c56cfd2a,Pending
d70844eaf055cda2ef7b56e9,666c8aee94b6b991c56cfd2a,Cancelled
11a1b5ceea49f09253f955a8,666c8aee94b6b991c56cfd2a,Cancelled
f585e5dbf71788a1594db8c5,666c8aee94b6b991c56cfd2a,Cancelled
1ba4b78e62930eae5731b9ca,666c8aee94b6b991c56cfd2a,Cancelled
5d6a1f5ad9777d66c4103d51,666c8aee94b6b991c56cfd2a,Cancelled
8e8ebd063ea56374b2b7dfc0,666c8aee94b6b991c56cfd2a,Accepted
de5b88c96f9e4797f8902765,666c8aee94b6b991c56cfd2a,Accepted
bf86ecec42cd596815b82763,666c8aee94b6b991c56cfd2a,Accepted
c06acf18d21f1a7bbbe9f371,666c8aee94b6b991c56cfd2a,Accepted
833b44f56b8cbece7d04def3,666c8aee94b6b991c56cfd2a,Accepted
72e4b93000be75dd6e367723,666c8aee94b6b991c56cfd2b,Pending
71c3173179c4dcb1413b39ba,666c8aee94b6b991c56cfd2b,Pending
f585e5dbf71788a1594db8c5,666c8aee94b6b991c56cfd2b,Pending
f25c51fc7b2e63ad6cc6bf77,666c8aee94b6b991c56cfd2b,Pending
11a1b5ceea49f09253f955a8,666c8aee94b6b991c56cfd2b,Pending
596573b1e54591d7694cbcb9,666c8aee94b6b991c56cfd2b,Cancelled
f47c26f82c759eea28ca23c8,666c8aee94b6b991c56cfd2b,Cancelled
2eff0eddee0b8c9a2601fead,666c8aee94b6b991c56cfd2b,Cancelled
d70844eaf055cda2ef7b56e9,666c8aee94b6b991c56cfd2b,Cancelled
1ba4b78e62930eae5731b9ca,666c8aee94b6b991c56cfd2b,Cancelled
5334561365d21e9ad4812095,666c8aee94b6b991c56cfd2b,Accepted
8221d64ec10d0f8c0eaacd7d,666c8aee94b6b991c56cfd2b,Accepted
567cedea6bd680f6d9fac54a,666c8aee94b6b991c56cfd2b,Accepted
21d01d11a8bae6956d4fd98d,666c8aee94b6b991c56cfd2c,Pending
8221d64ec10d0f8c0eaacd7d,666c8aee94b6b991c56cfd2c,Pending
d70844eaf055cda2ef7b56e9,666c8aee94b6b991c56cfd2c,Pending
1ba4b78e62930eae5731b9ca,666c8aee94b6b991c56cfd2c,Pending
596573b1e54591d7694cbcb9,666c8aee94b6b991c56cfd2c,Pending
71c3173179c4dcb1413b39ba,666c8aee94b6b991c56cfd2c,Cancelled
f47c26f82c759eea28ca23c8,666c8aee94b6b991c56cfd2c,Cancelled
9d2cdfcd0b8de5a9eb68b1b9,666c8aee94b6b991c56cfd2c,Cancelled
f585e5dbf71788a1594db8c5,666c8aee94b6b991c56cfd2c,Cancelled
5d6a1f5ad9777d66c4103d51,666c8aee94b6b991c56cfd2c,Cancelled
72e4b93000be75dd6e367723,666c8aee94b6b991c56cfd2c,Accepted
11a1b5ceea49f09253f955a8,666c8aee94b6b991c56cfd2c,Accepted
bf86ecec42cd596815b82763,666c8aee94b6b991c56cfd2c,Accepted
2eff0eddee0b8c9a2601fead,666c8aee94b6b991c56cfd2c,Accepted
c06acf18d21f1a7bbbe9f371,666c8aee94b6b991c56cfd2c,Accepted
a32b8962db959b002019627a,666c8aee94b6b991c56cfd2c,Accepted
f25c51fc7b2e63ad6cc6bf77,666c8aee94b6b991c56cfd2c,Accepted
f585e5dbf71788a1594db8c5,666c8aee94b6b991c56cfd2d,Pending
567cedea6bd680f6d9fac54a,666c8aee94b6b991c56cfd2d,Pending
596573b1e54591d7694cbcb9,666c8aee94b6b991c56cfd2d,Pending
9d2cdfcd0b8de5a9eb68b1b9,666c8aee94b6b991c56cfd2d,Pending
11a1b5ceea49f09253f955a8,666c8aee94b6b991c56cfd2d,Pending
1ba4b78e62930eae5731b9ca,666c8aee94b6b991c56cfd2d,Cancelled
2eff0eddee0b8c9a2601fead,666c8aee94b6b991c56cfd2d,Cancelled
f25c51fc7b2e63ad6cc6bf77,666c8aee94b6b991c56cfd2d,Cancelled
71c3173179c4dcb1413b39ba,666c8aee94b6b991c56cfd2d,Cancelled
5d6a1f5ad9777d66c4103d51,666c8aee94b6b991c56cfd2d,Cancelled
c06acf18d21f1a7bbbe9f371,666c8aee94b6b991c56cfd2d,Accepted
d70844eaf055cda2ef7b56e9,666c8aee94b6b991c56cfd2d,Accepted
f47c26f82c759eea28ca23c8,666c8aee94b6b991c56cfd2d,Accepted
8494863791b8e5234eb1ad35,666c8aee94b6b991c56cfd2d,Accepted
e99436255b727036e00eefd5,666c8aee94b6b991c56cfd2d,Accepted
845c864a4de70832f4364f15,666c8aee94b6b991c56cfd2d,Accepted
72e4b93000be75dd6e367723,666c8aee94b6b991c56cfd2d,Accepted
f25c51fc7b2e63ad6cc6bf77,666c8aee94b6b991c56cfd2e,Pending
9d2cdfcd0b8de5a9eb68b1b9,666c8aee94b6b991c56cfd2e,Pending
21d01d11a8bae6956d4fd98d,666c8aee94b6b991c56cfd2e,Pending
567cedea6bd680f6d9fac54a,666c8aee94b6b991c56cfd2e,Pending
f585e5dbf71788a1594db8c5,666c8aee94b6b991c56cfd2e,Pending
71c3173179c4dcb1413b39ba,666c8aee94b6b991c56cfd2e,Cancelled
f47c26f82c759eea28ca23c8,666c8aee94b6b991c56cfd2e,Cancelled
8221d64ec10d0f8c0eaacd7d,666c8aee94b6b991c56cfd2e,Cancelled
72e4b93000be75dd6e367723,666c8aee94b6b991c56cfd2e,Cancelled
d70844eaf055cda2ef7b56e9,666c8aee94b6b991c56cfd2e,Cancelled
11a1b5ceea49f09253f955a8,666c8aee94b6b991c56cfd2e,Accepted
8e8ebd063ea56374b2b7dfc0,666c8aee94b6b991c56cfd2e,Accepted
5d6a1f5ad9777d66c4103d51,666c8aee94b6b991c56cfd2e,Accepted
aa5e67c6ed4b1fa1a2f75d33,666c8aee94b6b991c56cfd2e,Accepted
8494863791b8e5234eb1ad35,666c8aee94b6b991c56cfd2e,Accepted
1ba4b78e62930eae5731b9ca,666c8aee94b6b991c56cfd2e,Accepted
596573b1e54591d7694cbcb9,666c8aee94b6b991c56cfd2e,Accepted
2eff0eddee0b8c9a2601fead,666c8aee94b6b991c56cfd2f,Pending
1ba4b78e62930eae5731b9ca,666c8aee94b6b991c56cfd2f,Pending
f585e5dbf71788a1594db8c5,666c8aee94b6b991c56cfd2f,Pending
f25c51fc7b2e63ad6cc6bf77,666c8aee94b6b991c56cfd2f,Pending
21d01d11a8bae6956d4fd98d,666c8aee94b6b991c56cfd2f,Pending
596573b1e54591d7694cbcb9,666c8aee94b6b991c56cfd2f,Cancelled
72e4b93000be75dd6e367723,666c8aee94b6b991c56cfd2f,Cancelled
d70844eaf055cda2ef7b56e9,666c8aee94b6b991c56cfd2f,Cancelled
9d2cdfcd0b8de5a9eb68b1b9,666c8aee94b6b991c56cfd2f,Cancelled
f47c26f82c759eea28ca23c8,666c8aee94b6b991c56cfd2f,Cancelled
1890a8880bcde17bb895f735,666c8aee94b6b991c56cfd2f,Accepted
833b44f56b8cbece7d04def3,666c8aee94b6b991c56cfd2f,Accepted
5d6a1f5ad9777d66c4103d51,666c8aee94b6b991c56cfd2f,Accepted
567cedea6bd680f6d9fac54a,666c8aee94b6b991c56cfd2f,Accepted
8221d64ec10d0f8c0eaacd7d,666c8aee94b6b991c56cfd30,Pending
5d6a1f5ad9777d66c4103d51,666c8aee94b6b991c56cfd30,Pending
f585e5dbf71788a1594db8c5,666c8aee94b6b991c56cfd30,Pending
f47c26f82c759eea28ca23c8,666c8aee94b6b991c56cfd30,Pending
d70844eaf055cda2ef7b56e9,666c8aee94b6b991c56cfd30,Pending
9d2cdfcd0b8de5a9eb68b1b9,666c8aee94b6b991c56cfd30,Cancelled
21d01d11a8bae6956d4fd98d,666c8aee94b6b991c56cfd30,Cancelled
71c3173179c4dcb1413b39ba,666c8aee94b6b991c56cfd30,Cancelled
596573b1e54591d7694cbcb9,666c8aee94b6b991c56cfd30,Cancelled
1ba4b78e62930eae5731b9ca,666c8aee94b6b991c56cfd30,Cancelled
72e4b93000be75dd6e367723,666c8aee94b6b991c56cfd30,Accepted
567cedea6bd680f6d9fac54a,666c8aee94b6b991c56cfd30,Accepted
f25c51fc7b2e63ad6cc6bf77,666c8aee94b6b991c56cfd30,Accepted
de5b88c96f9e4797f8902765,666c8aee94b6b991c56cfd30,Accepted
5d6a1f5ad9777d66c4103d51,666c8aee94b6b991c56cfd31,Pending
21d01d11a8bae6956d4fd98d,666c8aee94b6b991c56cfd31,Pending
596573b1e54591d7694cbcb9,666c8aee94b6b991c56cfd31,Pending
f47c26f82c759eea28ca23c8,666c8aee94b6b991c56cfd31,Pending
11a1b5ceea49f09253f955a8,666c8aee94b6b991c56cfd31,Pending
8221d64ec10d0f8c0eaacd7d,666c8aee94b6b991c56cfd31,Cancelled
567cedea6bd680f6d9fac54a,666c8aee94b6b991c56cfd31,Cancelled
1ba4b78e62930eae5731b9ca,666c8aee94b6b991c56cfd31,Cancelled
9d2cdfcd0b8de5a9eb68b1b9,666c8aee94b6b991c56cfd31,Cancelled
f25c51fc7b2e63ad6cc6bf77,666c8aee94b6b991c56cfd31,Cancelled
de5b88c96f9e4797f8902765,666c8aee94b6b991c56cfd31,Accepted
1890a8880bcde17bb895f735,666c8aee94b6b991c56cfd31,Accepted
71c3173179c4dcb1413b39ba,666c8aee94b6b991c56cfd31,Accepted
d70844eaf055cda2ef7b56e9,666c8aee94b6b991c56cfd32,Pending
8221d64ec10d0f8c0eaacd7d,666c8aee94b6b991c56cfd32,Pending
72e4b93000be75dd6e367723,666c8aee94b6b991c56cfd32,Pending
f47c26f82c759eea28ca23c8,666c8aee94b6b991c56cfd32,Pending
2eff0eddee0b8c9a2601fead,666c8aee94b6b991c56cfd32,Pending
596573b1e54591d7694cbcb9,666c8aee94b6b991c56cfd32,Cancelled
567cedea6bd680f6d9fac54a,666c8aee94b6b991c56cfd32,Cancelled
f25c51fc7b2e63ad6cc6bf77,666c8aee94b6b991c56cfd32,Cancelled
71c3173179c4dcb1413b39ba,666c8aee94b6b991c56cfd32,Cancelled
21d01d11a8bae6956d4fd98d,666c8aee94b6b991c56cfd32,Cancelled
5d6a1f5ad9777d66c4103d51,666c8aee94b6b991c56cfd32,Accepted
1890a8880bcde17bb895f735,666c8aee94b6b991c56cfd32,Accepted
f585e5dbf71788a1594db8c5,666c8aee94b6b991c56cfd32,Accepted
9d2cdfcd0b8de5a9eb68b1b9,666c8aee94b6b991c56cfd32,Accepted
aa5e67c6ed4b1fa1a2f75d33,666c8aee94b6b991c56cfd32,Accepted
de5b88c96f9e4797f8902765,666c8aee94b6b991c56cfd32,Accepted
833b44f56b8cbece7d04def3,666c8aee94b6b991c56cfd32,Accepted
71c3173179c4dcb1413b39ba,666c8aee94b6b991c56cfd33,Pending
21d01d11a8bae6956d4fd98d,666c8aee94b6b991c56cfd33,Pending
567cedea6bd680f6d9fac54a,666c8aee94b6b991c56cfd33,Pending
f47c26f82c759eea28ca23c8,666c8aee94b6b991c56cfd33,Pending
596573b1e54591d7694cbcb9,666c8aee94b6b991c56cfd33,Pending
72e4b93000be75dd6e367723,666c8aee94b6b991c56cfd33,Cancelled
8221d64ec10d0f8c0eaacd7d,666c8aee94b6b991c56cfd33,Cancelled
5d6a1f5ad9777d66c4103d51,666c8aee94b6b991c56cfd33,Cancelled
11a1b5ceea49f09253f955a8,666c8aee94b6b991c56cfd33,Cancelled
9d2cdfcd0b8de5a9eb68b1b9,666c8aee94b6b991c56cfd33,Cancelled
1ba4b78e62930eae5731b9ca,666c8aee94b6b991c56cfd33,Accepted
bf86ecec42cd596815b82763,666c8aee94b6b991c56cfd33,Accepted
8e8ebd063ea56374b2b7dfc0,666c8aee94b6b991c56cfd33,Accepted
833b44f56b8cbece7d04def3,666c8aee94b6b991c56cfd33,Accepted
e99436255b727036e00eefd5,666c8aee94b6b991c56cfd33,Accepted
de5b88c96f9e4797f8902765,666c8aee94b6b991c56cfd33,Accepted
2eff0eddee0b8c9a2601fead,666c8aee94b6b991c56cfd33,Accepted
72e4b93000be75dd6e367723,666c8aee94b6b991c56cfd34,Pending
596573b1e54591d7694cbcb9,666c8aee94b6b991c56cfd34,Pending
f585e5dbf71788a1594db8c5,666c8aee94b6b991c56cfd34,Pending
71c3173179c4dcb1413b39ba,666c8aee94b6b991c56cfd34,Pending
567cedea6bd680f6d9fac54a,666c8aee94b6b991c56cfd34,Pending
9d2cdfcd0b8de5a9eb68b1b9,666c8aee94b6b991c56cfd34,Cancelled
11a1b5ceea49f09253f955a8,666c8aee94b6b991c56cfd34,Cancelled
5d6a1f5ad9777d66c4103d51,666c8aee94b6b991c56cfd34,Cancelled
f25c51fc7b2e63ad6cc6bf77,666c8aee94b6b991c56cfd34,Cancelled
1ba4b78e62930eae5731b9ca,666c8aee94b6b991c56cfd34,Cancelled
d70844eaf055cda2ef7b56e9,666c8aee94b6b991c56cfd34,Accepted
2eff0eddee0b8c9a2601fead,666c8aee94b6b991c56cfd34,Accepted
21d01d11a8bae6956d4fd98d,666c8aee94b6b991c56cfd34,Accepted
de5b88c96f9e4797f8902765,666c8aee94b6b991c56cfd34,Accepted
5d6a1f5ad9777d66c4103d51,666c8aee94b6b991c56cfd35,Pending
8221d64ec10d0f8c0eaacd7d,666c8aee94b6b991c56cfd35,Pending
f585e5dbf71788a1594db8c5,666c8aee94b6b991c56cfd35,Pending
2eff0eddee0b8c9a2601fead,666c8aee94b6b991c56cfd35,Pending
9d2cdfcd0b8de5a9eb68b1b9,666c8aee94b6b991c56cfd35,Pending
21d01d11a8bae6956d4fd98d,666c8aee94b6b991c56cfd35,Cancelled
11a1b5ceea49f09253f955a8,666c8aee94b6b991c56cfd35,Cancelled
f25c51fc7b2e63ad6cc6bf77,666c8aee94b6b991c56cfd35,Cancelled
596573b1e54591d7694cbcb9,666c8aee94b6b991c56cfd35,Cancelled
1ba4b78e62930eae5731b9ca,666c8aee94b6b991c56cfd35,Cancelled
72e4b93000be75dd6e367723,666c8aee94b6b991c56cfd35,Accepted
8494863791b8e5234eb1ad35,666c8aee94b6b991c56cfd35,Accepted
f579a2579d8d862480fad2b8,666c8aee94b6b991c56cfd35,Accepted
567cedea6bd680f6d9fac54a,666c8aee94b6b991c56cfd35,Accepted
567cedea6bd680f6d9fac54a,666c8aee94b6b991c56cfd36,Pending
596573b1e54591d7694cbcb9,666c8aee94b6b991c56cfd36,Pending
8221d64ec10d0f8c0eaacd7d,666c8aee94b6b991c56cfd36,Pending
11a1b5ceea49f09253f955a8,666c8aee94b6b991c56cfd36,Pending
f47c26f82c759eea28ca23c8,666c8aee94b6b991c56cfd36,Pending
2eff0eddee0b8c9a2601fead,666c8aee94b6b991c56cfd36,Cancelled
1ba4b78e62930eae5731b9ca,666c8aee94b6b991c56cfd36,Cancelled
71c3173179c4dcb1413b39ba,666c8aee94b6b991c56cfd36,Cancelled
5d6a1f5ad9777d66c4103d51,666c8aee94b6b991c56cfd36,Cancelled
21d01d11a8bae6956d4fd98d,666c8aee94b6b991c56cfd36,Cancelled
9d2cdfcd0b8de5a9eb68b1b9,666c8aee94b6b991c56cfd36,Accepted
72e4b93000be75dd6e367723,666c8aee94b6b991c56cfd36,Accepted
f579a2579d8d862480fad2b8,666c8aee94b6b991c56cfd36,Accepted
11a1b5ceea49f09253f955a8,666c8aee94b6b991c56cfd37,Pending
9d2cdfcd0b8de5a9eb68b1b9,666c8aee94b6b991c56cfd37,Pending
71c3173179c4dcb1413b39ba,666c8aee94b6b991c56cfd37,Pending
8221d64ec10d0f8c0eaacd7d,666c8aee94b6b991c56cfd37,Pending
21d01d11a8bae6956d4fd98d,666c8aee94b6b991c56cfd37,Pending
f585e5dbf71788a1594db8c5,666c8aee94b6b991c56cfd37,Cancelled
72e4b93000be75dd6e367723,666c8aee94b6b991c56cfd37,Cancelled
567cedea6bd680f6d9fac54a,666c8aee94b6b991c56cfd37,Cancelled
d70844eaf055cda2ef7b56e9,666c8aee94b6b991c56cfd37,Cancelled
f25c51fc7b2e63ad6cc6bf77,666c8aee94b6b991c56cfd37,Cancelled
596573b1e54591d7694cbcb9,666c8aee94b6b991c56cfd37,Accepted
5d6a1f5ad9777d66c4103d51,666c8aee94b6b991c56cfd37,Accepted
f47c26f82c759eea28ca23c8,666c8aee94b6b991c56cfd37,Accepted
e99436255b727036e00eefd5,666c8aee94b6b991c56cfd37,Accepted
2eff0eddee0b8c9a2601fead,666c8aee94b6b991c56cfd37,Accepted
845c864a4de70832f4364f15,666c8aee94b6b991c56cfd37,Accepted
833b44f56b8cbece7d04def3,666c8aee94b6b991c56cfd37,Accepted
72e4b93000be75dd6e367723,666c8aee94b6b991c56cfd38,Pending
567cedea6bd680f6d9fac54a,666c8aee94b6b991c56cfd38,Pending
596573b1e54591d7694cbcb9,666c8aee94b6b991c56cfd38,Pending
2eff0eddee0b8c9a2601fead,666c8aee94b6b991c56cfd38,Pending
1ba4b78e62930eae5731b9ca,666c8aee94b6b991c56cfd38,Pending
f47c26f82c759eea28ca23c8,666c8aee94b6b991c56cfd38,Cancelled
9d2cdfcd0b8de5a9eb68b1b9,666c8aee94b6b991c56cfd38,Cancelled
d70844eaf055cda2ef7b56e9,666c8aee94b6b991c56cfd38,Cancelled
8221d64ec10d0f8c0eaacd7d,666c8aee94b6b991c56cfd38,Cancelled
71c3173179c4dcb1413b39ba,666c8aee94b6b991c56cfd38,Cancelled
de5b88c96f9e4797f8902765,666c8aee94b6b991c56cfd38,Accepted
5d6a1f5ad9777d66c4103d51,666c8aee94b6b991c56cfd38,Accepted
21d01d11a8bae6956d4fd98d,666c8aee94b6b991c56cfd38,Accepted
8e8ebd063ea56374b2b7dfc0,666c8aee94b6b991c56cfd38,Accepted
11a1b5ceea49f09253f955a8,666c8aee94b6b991c56cfd39,Pending
1ba4b78e62930eae5731b9ca,666c8aee94b6b991c56cfd39,Pending
f25c51fc7b2e63ad6cc6bf77,666c8aee94b6b991c56cfd39,Pending
2eff0eddee0b8c9a2601fead,666c8aee94b6b991c56cfd39,Pending
21d01d11a8bae6956d4fd98d,666c8aee94b6b991c56cfd39,Pending
567cedea6bd680f6d9fac54a,666c8aee94b6b991c56cfd39,Cancelled
5d6a1f5ad9777d66c4103d51,666c8aee94b6b991c56cfd39,Cancelled
596573b1e54591d7694cbcb9,666c8aee94b6b991c56cfd39,Cancelled
f585e5dbf71788a1594db8c5,666c8aee94b6b991c56cfd39,Cancelled
f47c26f82c759eea28ca23c8,666c8aee94b6b991c56cfd39,Cancelled
596573b1e54591d7694cbcb9,666c8aee94b6b991c56cfd3a,Pending
8221d64ec10d0f8c0eaacd7d,666c8aee94b6b991c56cfd3a,Pending
1ba4b78e62930eae5731b9ca,666c8aee94b6b991c56cfd3a,Pending
21d01d11a8bae6956d4fd98d,666c8aee94b6b991c56cfd3a,Pending
9d2cdfcd0b8de5a9eb68b1b9,666c8aee94b6b991c56cfd3a,Pending
5d6a1f5ad9777d66c4103d51,666c8aee94b6b991c56cfd3a,Cancelled
11a1b5ceea49f09253f955a8,666c8aee94b6b991c56cfd3a,Cancelled
f585e5dbf71788a1594db8c5,666c8aee94b6b991c56cfd3a,Cancelled
72e4b93000be75dd6e367723,666c8aee94b6b991c56cfd3a,Cancelled
f25c51fc7b2e63ad6cc6bf77,666c8aee94b6b991c56cfd3a,Cancelled
11a1b5ceea49f09253f955a8,666c8aee94b6b991c56cfd3b,Pending
f47c26f82c759eea28ca23c8,666c8aee94b6b991c56cfd3b,Pending
71c3173179c4dcb1413b39ba,666c8aee94b6b991c56cfd3b,Pending
8221d64ec10d0f8c0eaacd7d,666c8aee94b6b991c56cfd3b,Pending
1ba4b78e62930eae5731b9ca,666c8aee94b6b991c56cfd3b,Pending
5d6a1f5ad9777d66c4103d51,666c8aee94b6b991c56cfd3b,Cancelled
596573b1e54591d7694cbcb9,666c8aee94b6b991c56cfd3b,Cancelled
567cedea6bd680f6d9fac54a,666c8aee94b6b991c56cfd3b,Cancelled
72e4b93000be75dd6e367723,666c8aee94b6b991c56cfd3b,Cancelled
9d2cdfcd0b8de5a9eb68b1b9,666c8aee94b6b991c56cfd3b,Cancelled
f47c26f82c759eea28ca23c8,666c8aee94b6b991c56cfd3c,Pending
5d6a1f5ad9777d66c4103d51,666c8aee94b6b991c56cfd3c,Pending
11a1b5ceea49f09253f955a8,666c8aee94b6b991c56cfd3c,Pending
f585e5dbf71788a1594db8c5,666c8aee94b6b991c56cfd3c,Pending
21d01d11a8bae6956d4fd98d,666c8aee94b6b991c56cfd3c,Pending
d70844eaf055cda2ef7b56e9,666c8aee94b6b991c56cfd3c,Cancelled
1ba4b78e62930eae5731b9ca,666c8aee94b6b991c56cfd3c,Cancelled
f25c51fc7b2e63ad6cc6bf77,666c8aee94b6b991c56cfd3c,Cancelled
72e4b93000be75dd6e367723,666c8aee94b6b991c56cfd3c,Cancelled
9d2cdfcd0b8de5a9eb68b1b9,666c8aee94b6b991c56cfd3c,Cancelled
8221d64ec10d0f8c0eaacd7d,666c8aee94b6b991c56cfd3d,Pending
5d6a1f5ad9777d66c4103d51,666c8aee94b6b991c56cfd3d,Pending
21d01d11a8bae6956d4fd98d,666c8aee94b6b991c56cfd3d,Pending
f585e5dbf71788a1594db8c5,666c8aee94b6b991c56cfd3d,Pending
9d2cdfcd0b8de5a9eb68b1b9,666c8aee94b6b991c56cfd3d,Pending
1ba4b78e62930eae5731b9ca,666c8aee94b6b991c56cfd3d,Cancelled
f47c26f82c759eea28ca23c8,666c8aee94b6b991c56cfd3d,Cancelled
567cedea6bd680f6d9fac54a,666c8aee94b6b991c56cfd3d,Cancelled
72e4b93000be75dd6e367723,666c8aee94b6b991c56cfd3d,Cancelled
f25c51fc7b2e63ad6cc6bf77,666c8aee94b6b991c56cfd3d,Cancelled
2eff0eddee0b8c9a2601fead,666c8aee94b6b991c56cfd3e,Pending
5d6a1f5ad9777d66c4103d51,666c8aee94b6b991c56cfd3e,Pending
72e4b93000be75dd6e367723,666c8aee94b6b991c56cfd3e,Pending
f585e5dbf71788a1594db8c5,666c8aee94b6b991c56cfd3e,Pending
71c3173179c4dcb1413b39ba,666c8aee94b6b991c56cfd3e,Pending
9d2cdfcd0b8de5a9eb68b1b9,666c8aee94b6b991c56cfd3e,Cancelled
596573b1e54591d7694cbcb9,666c8aee94b6b991c56cfd3e,Cancelled
1ba4b78e62930eae5731b9ca,666c8aee94b6b991c56cfd3e,Cancelled
d70844eaf055cda2ef7b56e9,666c8aee94b6b991c56cfd3e,Cancelled
567cedea6bd680f6d9fac54a,666c8aee94b6b991c56cfd3e,Cancelled
21d01d11a8bae6956d4fd98d,666c8aee94b6b991c56cfd3f,Pending
567cedea6bd680f6d9fac54a,666c8aee94b6b991c56cfd3f,Pending
d70844eaf055cda2ef7b56e9,666c8aee94b6b991c56cfd3f,Pending
596573b1e54591d7694cbcb9,666c8aee94b6b991c56cfd3f,Pending
1ba4b78e62930eae5731b9ca,666c8aee94b6b991c56cfd3f,Pending
8221d64ec10d0f8c0eaacd7d,666c8aee94b6b991c56cfd3f,Cancelled
72e4b93000be75dd6e367723,666c8aee94b6b991c56cfd3f,Cancelled
9d2cdfcd0b8de5a9eb68b1b9,666c8aee94b6b991c56cfd3f,Cancelled
f47c26f82c759eea28ca23c8,666c8aee94b6b991c56cfd3f,Cancelled
71c3173179c4dcb1413b39ba,666c8aee94b6b991c56cfd3f,Cancelled
21d01d11a8bae6956d4fd98d,666c8aee94b6b991c56cfd40,Pending
2eff0eddee0b8c9a2601fead,666c8aee94b6b991c56cfd40,Pending
567cedea6bd680f6d9fac54a,666c8aee94b6b991c56cfd40,Pending
72e4b93000be75dd6e367723,666c8aee94b6b991c56cfd40,Pending
f585e5dbf71788a1594db8c5,666c8aee94b6b991c56cfd40,Pending
5d6a1f5ad9777d66c4103d51,666c8aee94b6b991c56cfd40,Cancelled
8221d64ec10d0f8c0eaacd7d,666c8aee94b6b991c56cfd40,Cancelled
f25c51fc7b2e63ad6cc6bf77,666c8aee94b6b991c56cfd40,Cancelled
d70844eaf055cda2ef7b56e9,666c8aee94b6b991c56cfd40,Cancelled
11a1b5ceea49f09253f955a8,666c8aee94b6b991c56cfd40,Cancelled
1ba4b78e62930eae5731b9ca,666c8aee94b6b991c56cfd41,Pending
567cedea6bd680f6d9fac54a,666c8aee94b6b991c56cfd41,Pending
596573b1e54591d7694cbcb9,666c8aee94b6b991c56cfd41,Pending
9d2cdfcd0b8de5a9eb68b1b9,666c8aee94b6b991c56cfd41,Pending
21d01d11a8bae6956d4fd98d,666c8aee94b6b991c56cfd41,Pending
f47c26f82c759eea28ca23c8,666c8aee94b6b991c56cfd41,Cancelled
72e4b93000be75dd6e367723,666c8aee94b6b991c56cfd41,Cancelled
11a1b5ceea49f09253f955a8,666c8aee94b6b991c56cfd41,Cancelled
f585e5dbf71788a1594db8c5,666c8aee94b6b991c56cfd41,Cancelled
2eff0eddee0b8c9a2601fead,666c8aee94b6b991c56cfd41,Cancelled
f585e5dbf71788a1594db8c5,666c8aee94b6b991c56cfd42,Pending
9d2cdfcd0b8de5a9eb68b1b9,666c8aee94b6b991c56cfd42,Pending
567cedea6bd680f6d9fac54a,666c8aee94b6b991c56cfd42,Pending
11a1b5ceea49f09253f955a8,666c8aee94b6b991c56cfd42,Pending
5d6a1f5ad9777d66c4103d51,666c8aee94b6b991c56cfd42,Pending
d70844eaf055cda2ef7b56e9,666c8aee94b6b991c56cfd42,Cancelled
f47c26f82c759eea28ca23c8,666c8aee94b6b991c56cfd42,Cancelled
596573b1e54591d7694cbcb9,666c8aee94b6b991c56cfd42,Cancelled
2eff0eddee0b8c9a2601fead,666c8aee94b6b991c56cfd42,Cancelled
72e4b93000be75dd6e367723,666c8aee94b6b991c56cfd42,Cancelled
1ba4b78e62930eae5731b9ca,666c8aee94b6b991c56cfd43,Pending
596573b1e54591d7694cbcb9,666c8aee94b6b991c56cfd43,Pending
5d6a1f5ad9777d66c4103d51,666c8aee94b6b991c56cfd43,Pending
11a1b5ceea49f09253f955a8,666c8aee94b6b991c56cfd43,Pending
f585e5dbf71788a1594db8c5,666c8aee94b6b991c56cfd43,Pending
72e4b93000be75dd6e367723,666c8aee94b6b991c56cfd43,Cancelled
f47c26f82c759eea28ca23c8,666c8aee94b6b991c56cfd43,Cancelled
2eff0eddee0b8c9a2601fead,666c8aee94b6b991c56cfd43,Cancelled
d70844eaf055cda2ef7b56e9,666c8aee94b6b991c56cfd43,Cancelled
8221d64ec10d0f8c0eaacd7d,666c8aee94b6b991c56cfd43,Cancelled
8221d64ec10d0f8c0eaacd7d,666c8aee94b6b991c56cfd44,Pending
9d2cdfcd0b8de5a9eb68b1b9,666c8aee94b6b991c56cfd44,Pending
2eff0eddee0b8c9a2601fead,666c8aee94b6b991c56cfd44,Pending
21d01d11a8bae6956d4fd98d,666c8aee94b6b991c56cfd44,Pending
567cedea6bd680f6d9fac54a,666c8aee94b6b991c56cfd44,Pending
596573b1e54591d7694cbcb9,666c8aee94b6b991c56cfd44,Cancelled
5d6a1f5ad9777d66c4103d51,666c8aee94b6b991c56cfd44,Cancelled
71c3173179c4dcb1413b39ba,666c8aee94b6b991c56cfd44,Cancelled
1ba4b78e62930eae5731b9ca,666c8aee94b6b991c56cfd44,Cancelled
72e4b93000be75dd6e367723,666c8aee94b6b991c56cfd44,Cancelled
8221d64ec10d0f8c0eaacd7d,666c8aee94b6b991c56cfd45,Pending
21d01d11a8bae6956d4fd98d,666c8aee94b6b991c56cfd45,Pending
596573b1e54591d7694cbcb9,666c8aee94b6b991c56cfd45,Pending
2eff0eddee0b8c9a2601fead,666c8aee94b6b991c56cfd45,Pending
9d2cdfcd0b8de5a9eb68b1b9,666c8aee94b6b991c56cfd45,Pending
11a1b5ceea49f09253f955a8,666c8aee94b6b991c56cfd45,Cancelled
72e4b93000be75dd6e367723,666c8aee94b6b991c56cfd45,Cancelled
567cedea6bd680f6d9fac54a,666c8aee94b6b991c56cfd45,Cancelled
d70844eaf055cda2ef7b56e9,666c8aee94b6b991c56cfd45,Cancelled
f47c26f82c759eea28ca23c8,666c8aee94b6b991c56cfd45,Cancelled
11a1b5ceea49f09253f955a8,666c8aee94b6b991c56cfd46,Pending
f47c26f82c759eea28ca23c8,666c8aee94b6b991c56cfd46,Pending
72e4b93000be75dd6e367723,666c8aee94b6b991c56cfd46,Pending
d70844eaf055cda2ef7b56e9,666c8aee94b6b991c56cfd46,Pending
596573b1e54591d7694cbcb9,666c8aee94b6b991c56cfd46,Pending
5d6a1f5ad9777d66c4103d51,666c8aee94b6b991c56cfd46,Cancelled
1ba4b78e62930eae5731b9ca,666c8aee94b6b991c56cfd46,Cancelled
71c3173179c4dcb1413b39ba,666c8aee94b6b991c56cfd46,Cancelled
8221d64ec10d0f8c0eaacd7d,666c8aee94b6b991c56cfd46,Cancelled
21d01d11a8bae6956d4fd98d,666c8aee94b6b991c56cfd46,Cancelled
5d6a1f5ad9777d66c4103d51,666c8aee94b6b991c56cfd47,Pending
72e4b93000be75dd6e367723,666c8aee94b6b991c56cfd47,Pending
567cedea6bd680f6d9fac54a,666c8aee94b6b991c56cfd47,Pending
9d2cdfcd0b8de5a9eb68b1b9,666c8aee94b6b991c56cfd47,Pending
596573b1e54591d7694cbcb9,666c8aee94b6b991c56cfd47,Pending
f25c51fc7b2e63ad6cc6bf77,666c8aee94b6b991c56cfd47,Cancelled
11a1b5ceea49f09253f955a8,666c8aee94b6b991c56cfd47,Cancelled
f585e5dbf71788a1594db8c5,666c8aee94b6b991c56cfd47,Cancelled
8221d64ec10d0f8c0eaacd7d,666c8aee94b6b991c56cfd47,Cancelled
2eff0eddee0b8c9a2601fead,666c8aee94b6b991c56cfd47,Cancelled
21d01d11a8bae6956d4fd98d,666c8aee94b6b991c56cfd48,Pending
72e4b93000be75dd6e367723,666c8aee94b6b991c56cfd48,Pending
567cedea6bd680f6d9fac54a,666c8aee94b6b991c56cfd48,Pending
f585e5dbf71788a1594db8c5,666c8aee94b6b991c56cfd48,Pending
8221d64ec10d0f8c0eaacd7d,666c8aee94b6b991c56cfd48,Pending
11a1b5ceea49f09253f955a8,666c8aee94b6b991c56cfd48,Cancelled
f25c51fc7b2e63ad6cc6bf77,666c8aee94b6b991c56cfd48,Cancelled
2eff0eddee0b8c9a2601fead,666c8aee94b6b991c56cfd48,Cancelled
9d2cdfcd0b8de5a9eb68b1b9,666c8aee94b6b991c56cfd48,Cancelled
596573b1e54591d7694cbcb9,666c8aee94b6b991c56cfd48,Cancelled
1ba4b78e62930eae5731b9ca,666c8aee94b6b991c56cfd49,Pending
f47c26f82c759eea28ca23c8,666c8aee94b6b991c56cfd49,Pending
72e4b93000be75dd6e367723,666c8aee94b6b991c56cfd49,Pending
5d6a1f5ad9777d66c4103d51,666c8aee94b6b991c56cfd49,Pending
9d2cdfcd0b8de5a9eb68b1b9,666c8aee94b6b991c56cfd49,Pending
71c3173179c4dcb1413b39ba,666c8aee94b6b991c56cfd49,Cancelled
596573b1e54591d7694cbcb9,666c8aee94b6b991c56cfd49,Cancelled
8221d64ec10d0f8c0eaacd7d,666c8aee94b6b991c56cfd49,Cancelled
f25c51fc7b2e63ad6cc6bf77,666c8aee94b6b991c56cfd49,Cancelled
f585e5dbf71788a1594db8c5,666c8aee94b6b991c56cfd49,Cancelled
2eff0eddee0b8c9a2601fead,666c8aee94b6b991c56cfd4a,Pending
1ba4b78e62930eae5731b9ca,666c8aee94b6b991c56cfd4a,Pending
5d6a1f5ad9777d66c4103d51,666c8aee94b6b991c56cfd4a,Pending
f47c26f82c759eea28ca23c8,666c8aee94b6b991c56cfd4a,Pending
567cedea6bd680f6d9fac54a,666c8aee94b6b991c56cfd4a,Pending
d70844eaf055cda2ef7b56e9,666c8aee94b6b991c56cfd4a,Cancelled
9d2cdfcd0b8de5a9eb68b1b9,666c8aee94b6b991c56cfd4a,Cancelled
f585e5dbf71788a1594db8c5,666c8aee94b6b991c56cfd4a,Cancelled
f25c51fc7b2e63ad6cc6bf77,666c8aee94b6b991c56cfd4a,Cancelled
11a1b5ceea49f09253f955a8,666c8aee94b6b991c56cfd4a,Cancelled
71c3173179c4dcb1413b39ba,666c8aee94b6b991c56cfd4b,Pending
11a1b5ceea49f09253f955a8,666c8aee94b6b991c56cfd4b,Pending
21d01d11a8bae6956d4fd98d,666c8aee94b6b991c56cfd4b,Pending
5d6a1f5ad9777d66c4103d51,666c8aee94b6b991c56cfd4b,Pending
567cedea6bd680f6d9fac54a,666c8aee94b6b991c56cfd4b,Pending
f25c51fc7b2e63ad6cc6bf77,666c8aee94b6b991c56cfd4b,Cancelled
72e4b93000be75dd6e367723,666c8aee94b6b991c56cfd4b,Cancelled
8221d64ec10d0f8c0eaacd7d,666c8aee94b6b991c56cfd4b,Cancelled
d70844eaf055cda2ef7b56e9,666c8aee94b6b991c56cfd4b,Cancelled
f47c26f82c759eea28ca23c8,666c8aee94b6b991c56cfd4b,Cancelled
21d01d11a8bae6956d4fd98d,666c8aee94b6b991c56cfd4c,Pending
8221d64ec10d0f8c0eaacd7d,666c8aee94b6b991c56cfd4c,Pending
f25c51fc7b2e63ad6cc6bf77,666c8aee94b6b991c56cfd4c,Pending
d70844eaf055cda2ef7b56e9,666c8aee94b6b991c56cfd4c,Pending
9d2cdfcd0b8de5a9eb68b1b9,666c8aee94b6b991c56cfd4c,Pending
f585e5dbf71788a1594db8c5,666c8aee94b6b991c56cfd4c,Cancelled
1ba4b78e62930eae5731b9ca,666c8aee94b6b991c56cfd4c,Cancelled
72e4b93000be75dd6e367723,666c8aee94b6b991c56cfd4c,Cancelled
2eff0eddee0b8c9a2601fead,666c8aee94b6b991c56cfd4c,Cancelled
596573b1e54591d7694cbcb9,666c8aee94b6b991c56cfd4c,Cancelled
21d01d11a8bae6956d4fd98d,666c8aee94b6b991c56cfd4d,Pending
11a1b5ceea49f09253f955a8,666c8aee94b6b991c56cfd4d,Pending
2eff0eddee0b8c9a2601fead,666c8aee94b6b991c56cfd4d,Pending
9d2cdfcd0b8de5a9eb68b1b9,666c8aee94b6b991c56cfd4d,Pending
d70844eaf055cda2ef7b56e9,666c8aee94b6b991c56cfd4d,Pending
5d6a1f5ad9777d66c4103d51,666c8aee94b6b991c56cfd4d,Cancelled
8221d64ec10d0f8c0eaacd7d,666c8aee94b6b991c56cfd4d,Cancelled
596573b1e54591d7694cbcb9,666c8aee94b6b991c56cfd4d,Cancelled
71c3173179c4dcb1413b39ba,666c8aee94b6b991c56cfd4d,Cancelled
567cedea6bd680f6d9fac54a,666c8aee94b6b991c56cfd4d,Cancelled
11a1b5ceea49f09253f955a8,666c8aee94b6b991c56cfd4e,Pending
596573b1e54591d7694cbcb9,666c8aee94b6b991c56cfd4e,Pending
72e4b93000be75dd6e367723,666c8aee94b6b991c56cfd4e,Pending
9d2cdfcd0b8de5a9eb68b1b9,666c8aee94b6b991c56cfd4e,Pending
f25c51fc7b2e63ad6cc6bf77,666c8aee94b6b991c56cfd4e,Pending
5d6a1f5ad9777d66c4103d51,666c8aee94b6b991c56cfd4e,Cancelled
f47c26f82c759eea28ca23c8,666c8aee94b6b991c56cfd4e,Cancelled
2eff0eddee0b8c9a2601fead,666c8aee94b6b991c56cfd4e,Cancelled
567cedea6bd680f6d9fac54a,666c8aee94b6b991c56cfd4e,Cancelled
d70844eaf055cda2ef7b56e9,666c8aee94b6b991c56cfd4e,Cancelled
d70844eaf055cda2ef7b56e9,666c8aee94b6b991c56cfd4f,Pending
72e4b93000be75dd6e367723,666c8aee94b6b991c56cfd4f,Pending
1ba4b78e62930eae5731b9ca,666c8aee94b6b991c56cfd4f,Pending
9d2cdfcd0b8de5a9eb68b1b9,666c8aee94b6b991c56cfd4f,Pending
2eff0eddee0b8c9a2601fead,666c8aee94b6b991c56cfd4f,Pending
f47c26f82c759eea28ca23c8,666c8aee94b6b991c56cfd4f,Cancelled
f25c51fc7b2e63ad6cc6bf77,666c8aee94b6b991c56cfd4f,Cancelled
596573b1e54591d7694cbcb9,666c8aee94b6b991c56cfd4f,Cancelled
21d01d11a8bae6956d4fd98d,666c8aee94b6b991c56cfd4f,Cancelled
567cedea6bd680f6d9fac54a,666c8aee94b6b991c56cfd4f,Cancelled
596573b1e54591d7694cbcb9,666c8aee94b6b991c56cfd50,Pending
9d2cdfcd0b8de5a9eb68b1b9,666c8aee94b6b991c56cfd50,Pending
72e4b93000be75dd6e367723,666c8aee94b6b991c56cfd50,Pending
567cedea6bd680f6d9fac54a,666c8aee94b6b991c56cfd50,Pending
71c3173179c4dcb1413b39ba,666c8aee94b6b991c56cfd50,Pending
f585e5dbf71788a1594db8c5,666c8aee94b6b991c56cfd50,Cancelled
1ba4b78e62930eae5731b9ca,666c8aee94b6b991c56cfd50,Cancelled
f47c26f82c759eea28ca23c8,666c8aee94b6b991c56cfd50,Cancelled
5d6a1f5ad9777d66c4103d51,666c8aee94b6b991c56cfd50,Cancelled
d70844eaf055cda2ef7b56e9,666c8aee94b6b991c56cfd50,Cancelled
2eff0eddee0b8c9a2601fead,666c8aee94b6b991c56cfd51,Pending
d70844eaf055cda2ef7b56e9,666c8aee94b6b991c56cfd51,Pending
596573b1e54591d7694cbcb9,666c8aee94b6b991c56cfd51,Pending
71c3173179c4dcb1413b39ba,666c8aee94b6b991c56cfd51,Pending
5d6a1f5ad9777d66c4103d51,666c8aee94b6b991c56cfd51,Pending
567cedea6bd680f6d9fac54a,666c8aee94b6b991c56cfd51,Cancelled
21d01d11a8bae6956d4fd98d,666c8aee94b6b991c56cfd51,Cancelled
f25c51fc7b2e63ad6cc6bf77,666c8aee94b6b991c56cfd51,Cancelled
1ba4b78e62930eae5731b9ca,666c8aee94b6b991c56cfd51,Cancelled
9d2cdfcd0b8de5a9eb68b1b9,666c8aee94b6b991c56cfd51,Cancelled
567cedea6bd680f6d9fac54a,666c8aee94b6b991c56cfd52,Pending
72e4b93000be75dd6e367723,666c8aee94b6b991c56cfd52,Pending
f25c51fc7b2e63ad6cc6bf77,666c8aee94b6b991c56cfd52,Pending
9d2cdfcd0b8de5a9eb68b1b9,666c8aee94b6b991c56cfd52,Pending
5d6a1f5ad9777d66c4103d51,666c8aee94b6b991c56cfd52,Pending
8221d64ec10d0f8c0eaacd7d,666c8aee94b6b991c56cfd52,Cancelled
21d01d11a8bae6956d4fd98d,666c8aee94b6b991c56cfd52,Cancelled
f47c26f82c759eea28ca23c8,666c8aee94b6b991c56cfd52,Cancelled
71c3173179c4dcb1413b39ba,666c8aee94b6b991c56cfd52,Cancelled
596573b1e54591d7694cbcb9,666c8aee94b6b991c56cfd52,Cancelled
11a1b5ceea49f09253f955a8,666c8aee94b6b991c56cfd53,Pending
f585e5dbf71788a1594db8c5,666c8aee94b6b991c56cfd53,Pending
21d01d11a8bae6956d4fd98d,666c8aee94b6b991c56cfd53,Pending
8221d64ec10d0f8c0eaacd7d,666c8aee94b6b991c56cfd53,Pending
9d2cdfcd0b8de5a9eb68b1b9,666c8aee94b6b991c56cfd53,Pending
f47c26f82c759eea28ca23c8,666c8aee94b6b991c56cfd53,Cancelled
d70844eaf055cda2ef7b56e9,666c8aee94b6b991c56cfd53,Cancelled
f25c51fc7b2e63ad6cc6bf77,666c8aee94b6b991c56cfd53,Cancelled
5d6a1f5ad9777d66c4103d51,666c8aee94b6b991c56cfd53,Cancelled
596573b1e54591d7694cbcb9,666c8aee94b6b991c56cfd53,Cancelled
21d01d11a8bae6956d4fd98d,666c8aee94b6b991c56cfd54,Pending
f585e5dbf71788a1594db8c5,666c8aee94b6b991c56cfd54,Pending
f47c26f82c759eea28ca23c8,666c8aee94b6b991c56cfd54,Pending
5d6a1f5ad9777d66c4103d51,666c8aee94b6b991c56cfd54,Pending
d70844eaf055cda2ef7b56e9,666c8aee94b6b991c56cfd54,Pending
9d2cdfcd0b8de5a9eb68b1b9,666c8aee94b6b991c56cfd54,Cancelled
596573b1e54591d7694cbcb9,666c8aee94b6b991c56cfd54,Cancelled
71c3173179c4dcb1413b39ba,666c8aee94b6b991c56cfd54,Cancelled
567cedea6bd680f6d9fac54a,666c8aee94b6b991c56cfd54,Cancelled
2eff0eddee0b8c9a2601fead,666c8aee94b6b991c56cfd54,Cancelled
f585e5dbf71788a1594db8c5,666c8aee94b6b991c56cfd55,Pending
5d6a1f5ad9777d66c4103d51,666c8aee94b6b991c56cfd55,Pending
21d01d11a8bae6956d4fd98d,666c8aee94b6b991c56cfd55,Pending
567cedea6bd680f6d9fac54a,666c8aee94b6b991c56cfd55,Pending
9d2cdfcd0b8de5a9eb68b1b9,666c8aee94b6b991c56cfd55,Pending
71c3173179c4dcb1413b39ba,666c8aee94b6b991c56cfd55,Cancelled
2eff0eddee0b8c9a2601fead,666c8aee94b6b991c56cfd55,Cancelled
596573b1e54591d7694cbcb9,666c8aee94b6b991c56cfd55,Cancelled
72e4b93000be75dd6e367723,666c8aee94b6b991c56cfd55,Cancelled
8221d64ec10d0f8c0eaacd7d,666c8aee94b6b991c56cfd55,Cancelled
1ba4b78e62930eae5731b9ca,666c8aee94b6b991c56cfd56,Pending
72e4b93000be75dd6e367723,666c8aee94b6b991c56cfd56,Pending
2eff0eddee0b8c9a2601fead,666c8aee94b6b991c56cfd56,Pending
21d01d11a8bae6956d4fd98d,666c8aee94b6b991c56cfd56,Pending
d70844eaf055cda2ef7b56e9,666c8aee94b6b991c56cfd56,Pending
567cedea6bd680f6d9fac54a,666c8aee94b6b991c56cfd56,Cancelled
9d2cdfcd0b8de5a9eb68b1b9,666c8aee94b6b991c56cfd56,Cancelled
f25c51fc7b2e63ad6cc6bf77,666c8aee94b6b991c56cfd56,Cancelled
8221d64ec10d0f8c0eaacd7d,666c8aee94b6b991c56cfd56,Cancelled
596573b1e54591d7694cbcb9,666c8aee94b6b991c56cfd56,Cancelled