_id,userId,challengeId,currentProgress,lastUpdate,checkpointPassed
e6bdd48cb2e2e3f544c13ce8,567cedea6bd680f6d9fac54a,6d3adf967bbd15b6295c548a,0,2023-12-12T11:34:10.601Z,
c21d0e3d1c2d854ed850a629,f47c26f82c759eea28ca23c8,6d3adf967bbd15b6295c548a,2,2023-12-12T03:09:10.325Z,273a3e4e887b6323afbe7820;67d64055ca13753119281e38
7b49531655564c0b0c1dd06a,aa5e67c6ed4b1fa1a2f75d33,6d3adf967bbd15b6295c548a,1,2023-12-11T22:45:58.565Z,273a3e4e887b6323afbe7820
5aaa0e7d7460ed779a5c7adf,8221d64ec10d0f8c0eaacd7d,6d3adf967bbd15b6295c548a,2,2023-12-11T22:15:40.603Z,273a3e4e887b6323afbe7820;67d64055ca13753119281e38
9c2865225d5facf86acbee33,2eff0eddee0b8c9a2601fead,6d3adf967bbd15b6295c548a,0,2023-12-12T17:50:29.586Z,
f09709ea47a3c8bccc141d44,8494863791b8e5234eb1ad35,6d3adf967bbd15b6295c548a,3,2023-12-12T10:46:52.354Z,273a3e4e887b6323afbe7820;67d64055ca13753119281e38;854c95570e9653cb600fd8c2
d4432b7e3465d08058d281df,5334561365d21e9ad4812095,6d3adf967bbd15b6295c548a,2,2023-12-12T16:43:53.937Z,273a3e4e887b6323afbe7820;67d64055ca13753119281e38
3d990dc7f2d68694c8c42675,72e4b93000be75dd6e367723,6d3adf967bbd15b6295c548a,2,2023-12-12T06:37:13.119Z,273a3e4e887b6323afbe7820;67d64055ca13753119281e38
05eaa7ef88249dc843c54600,f47c26f82c759eea28ca23c8,7b070b02b3da9c593dc8b525,2,2024-03-10T14:38:14.664Z,cf6ca5e68bd93429dada2a95;3a3048b877512405603a633c
c43833122c72d0d5a9666f44,845c864a4de70832f4364f15,7b070b02b3da9c593dc8b525,3,2024-03-11T06:44:55.047Z,cf6ca5e68bd93429dada2a95;3a3048b877512405603a633c;97ceb0865b6eb1bf5151a1f7
444e7c94bc098b2c25d91254,8494863791b8e5234eb1ad35,7b070b02b3da9c593dc8b525,1,2024-03-10T20:04:56.842Z,cf6ca5e68bd93429dada2a95
4cb143386a89af99759089d4,f579a2579d8d862480fad2b8,7b070b02b3da9c593dc8b525,0,2024-03-10T19:17:52.186Z,
d5da9632512e155f5c4b03fe,21d01d11a8bae6956d4fd98d,7b070b02b3da9c593dc8b525,1,2024-03-11T09:19:07.481Z,cf6ca5e68bd93429dada2a95
5c4ba1efa0dc0b3a1c688e5f,8e8ebd063ea56374b2b7dfc0,7b070b02b3da9c593dc8b525,3,2024-03-10T17:53:51.772Z,cf6ca5e68bd93429dada2a95;3a3048b877512405603a633c;97ceb0865b6eb1bf5151a1f7
05adcdfc73285cc366a4ef0b,475654515a4b6bc03e3f1cc1,7b070b02b3da9c593dc8b525,2,2024-03-10T23:33:16.199Z,cf6ca5e68bd93429dada2a95;3a3048b877512405603a633c
12cc3d9692b50c44145ad089,567cedea6bd680f6d9fac54a,7b070b02b3da9c593dc8b525,2,2024-03-11T08:07:05.300Z,cf6ca5e68bd93429dada2a95;3a3048b877512405603a633c
50b109a41d2cf2900ea06317,845c864a4de70832f4364f15,695395c8a11cd0609841de98,3,2023-10-01T22:43:18.454Z,1f9e3b37b9ee8e33446b2186;465d909b6f72a1f001217ec6;d492d832605ee3a71c13c2e7
0ea50132cbe8dbce0d52dd13,5d6a1f5ad9777d66c4103d51,695395c8a11cd0609841de98,2,2023-10-01T21:00:20.207Z,1f9e3b37b9ee8e33446b2186;465d909b6f72a1f001217ec6
1609b86b14c5282a89dba6bc,72e4b93000be75dd6e367723,695395c8a11cd0609841de98,1,2023-10-02T02:29:39.701Z,1f9e3b37b9ee8e33446b2186
912f67fa820a75654803ff51,d70844eaf055cda2ef7b56e9,695395c8a11cd0609841de98,1,2023-10-01T11:47:31.024Z,1f9e3b37b9ee8e33446b2186
9e6d5f241a1ac4b9a1de57c5,8221d64ec10d0f8c0eaacd7d,695395c8a11cd0609841de98,0,2023-10-01T11:18:31.269Z,
5041eff8fb138e98372fb7df,8e8ebd063ea56374b2b7dfc0,695395c8a11cd0609841de98,3,2023-10-02T04:48:14.918Z,1f9e3b37b9ee8e33446b2186;465d909b6f72a1f001217ec6;d492d832605ee3a71c13c2e7
6abb3c7aacc062eb6980d402,bf86ecec42cd596815b82763,695395c8a11cd0609841de98,3,2023-10-01T15:28:56.638Z,1f9e3b37b9ee8e33446b2186;465d909b6f72a1f001217ec6;d492d832605ee3a71c13c2e7
6f8500e1835b1d0dfbc72e00,21d01d11a8bae6956d4fd98d,695395c8a11cd0609841de98,1,2023-10-01T19:16:49.724Z,1f9e3b37b9ee8e33446b2186
2ed862531a3b167cc9bc20a4,21d01d11a8bae6956d4fd98d,69aa2c6b9b7fbb182d820d30,0,2024-01-27T10:08:14.297Z,
a9809896f795c75ede48aa6d,475654515a4b6bc03e3f1cc1,69aa2c6b9b7fbb182d820d30,0,2024-01-26T14:13:24.827Z,
b51d0885f369c102060564a1,8221d64ec10d0f8c0eaacd7d,69aa2c6b9b7fbb182d820d30,0,2024-01-26T23:19:23.646Z,
58c7663d88a46b276eaa517b,f47c26f82c759eea28ca23c8,69aa2c6b9b7fbb182d820d30,0,2024-01-27T11:05:25.188Z,
105ac28e9450a49dfd4b9f48,845c864a4de70832f4364f15,69aa2c6b9b7fbb182d820d30,0,2024-01-27T02:10:00.337Z,
0e6f618798b54713769f8b53,f585e5dbf71788a1594db8c5,69aa2c6b9b7fbb182d820d30,0,2024-01-27T12:01:20.736Z,
1a33af5e055c733782f681bd,bf86ecec42cd596815b82763,69aa2c6b9b7fbb182d820d30,1,2024-01-27T03:29:27.500Z,306e81e2fc29189d400c22b0
89fd5098800155c757b690b3,de5b88c96f9e4797f8902765,69aa2c6b9b7fbb182d820d30,0,2024-01-26T12:31:43.804Z,
af5f79b05a78b56c7797fac2,2eff0eddee0b8c9a2601fead,69aa2c6b9b7fbb182d820d30,3,2024-01-26T17:04:36.608Z,306e81e2fc29189d400c22b0;7be00c554ada4499f0fc4cfe;138f05ccbc110c0f53133e3f
ea5020e1a8ecd2299f31df7c,a32b8962db959b002019627a,b90dab4d49a8fff1f1a0360a,1,2023-12-14T17:11:00.274Z,995daa301cf3c4f5ff621030
b0c5d384cf702a71036aeaa7,72e4b93000be75dd6e367723,b90dab4d49a8fff1f1a0360a,1,2023-12-14T23:09:57.729Z,995daa301cf3c4f5ff621030
f375c860c14e685f39d3e928,bf86ecec42cd596815b82763,b90dab4d49a8fff1f1a0360a,0,2023-12-14T17:47:18.187Z,
95131db5c91b96308c862b98,5334561365d21e9ad4812095,b90dab4d49a8fff1f1a0360a,1,2023-12-15T08:05:09.505Z,995daa301cf3c4f5ff621030
c962e2b7738474770e51643e,71c3173179c4dcb1413b39ba,b90dab4d49a8fff1f1a0360a,3,2023-12-15T02:40:34.348Z,995daa301cf3c4f5ff621030;ab5c737db127ec5c6233aec5;57087ae8622c4d4dafc834d1
01d60d7b7e014a60123852ec,2eff0eddee0b8c9a2601fead,ac36ccb5ec4201ff679e04fe,2,2024-01-15T20:59:52.410Z,6be3663d7903d8d67f2ccca4;f719a934b81750e669221f6b
7236a71f271c5bcbe50c33bf,f585e5dbf71788a1594db8c5,ac36ccb5ec4201ff679e04fe,3,2024-01-15T08:45:11.288Z,6be3663d7903d8d67f2ccca4;f719a934b81750e669221f6b;92384b6411e3d8dc1ddb3489
ef13f7576d20811adc5cf458,475654515a4b6bc03e3f1cc1,ac36ccb5ec4201ff679e04fe,3,2024-01-16T02:25:49.497Z,6be3663d7903d8d67f2ccca4;f719a934b81750e669221f6b;92384b6411e3d8dc1ddb3489
b132a6f15d3ed0f46b9c0cae,f25c51fc7b2e63ad6cc6bf77,ac36ccb5ec4201ff679e04fe,0,2024-01-16T03:14:26.590Z,
0af772ef5d01a0dfe1cdad77,11a1b5ceea49f09253f955a8,ac36ccb5ec4201ff679e04fe,0,2024-01-16T06:26:08.716Z,
04d6c77c9013d7265417b6a1,f579a2579d8d862480fad2b8,aa24327f3c5a14ce81182bc2,3,2024-03-05T00:13:27.801Z,fc6085640fa7b8d922eb9fdb;b12f17be320d5d64d4f266c5;0ba02568893ca81db0a96e20
28d0802aabaf64e9e8676837,833b44f56b8cbece7d04def3,aa24327f3c5a14ce81182bc2,2,2024-03-05T08:52:36.134Z,fc6085640fa7b8d922eb9fdb;b12f17be320d5d64d4f266c5
d5c0aa75136ef28d47bdc067,f25c51fc7b2e63ad6cc6bf77,aa24327f3c5a14ce81182bc2,3,2024-03-04T20:19:16.081Z,fc6085640fa7b8d922eb9fdb;b12f17be320d5d64d4f266c5;0ba02568893ca81db0a96e20
7b8266bf529f17090089cc29,567cedea6bd680f6d9fac54a,aa24327f3c5a14ce81182bc2,0,2024-03-05T04:46:06.446Z,
21c0b440355e425156544aee,8221d64ec10d0f8c0eaacd7d,aa24327f3c5a14ce81182bc2,3,2024-03-05T07:31:32.942Z,fc6085640fa7b8d922eb9fdb;b12f17be320d5d64d4f266c5;0ba02568893ca81db0a96e20
da7c9b762326b5404aeaa29c,845c864a4de70832f4364f15,aa24327f3c5a14ce81182bc2,2,2024-03-05T00:30:47.439Z,fc6085640fa7b8d922eb9fdb;b12f17be320d5d64d4f266c5
9f51ca30cd49ad630eba3107,5334561365d21e9ad4812095,aa24327f3c5a14ce81182bc2,3,2024-03-05T03:36:34.795Z,fc6085640fa7b8d922eb9fdb;b12f17be320d5d64d4f266c5;0ba02568893ca81db0a96e20
9c75f71299c0da53ae8bbb01,e99436255b727036e00eefd5,aa24327f3c5a14ce81182bc2,0,2024-03-05T11:39:41.607Z,
3e1633f54fd51e21644654c7,5d6a1f5ad9777d66c4103d51,aa24327f3c5a14ce81182bc2,1,2024-03-05T12:32:16.423Z,fc6085640fa7b8d922eb9fdb
ec1b8d5f5fcca7d752be0404,2eff0eddee0b8c9a2601fead,2901b677352f650f05fd03f6,3,2024-02-16T18:34:34.996Z,70f5f639381b454d0ac6da03;2f9a39727ce9334227a68de8;112f87261c1c17b333abfdec
344819f1903464092d57bc09,e99436255b727036e00eefd5,2901b677352f650f05fd03f6,0,2024-02-16T19:15:30.724Z,
c715e4e9f8056cdf4187e7ea,d70844eaf055cda2ef7b56e9,2901b677352f650f05fd03f6,2,2024-02-17T11:40:31.825Z,70f5f639381b454d0ac6da03;2f9a39727ce9334227a68de8
df8290ba7967711bdd300abb,9d2cdfcd0b8de5a9eb68b1b9,2901b677352f650f05fd03f6,1,2024-02-16T16:16:35.062Z,70f5f639381b454d0ac6da03
c06dd43db027ddc737e718d2,f579a2579d8d862480fad2b8,2901b677352f650f05fd03f6,1,2024-02-17T08:33:16.032Z,70f5f639381b454d0ac6da03
0ffab68ee726ab13f3d19162,f25c51fc7b2e63ad6cc6bf77,2901b677352f650f05fd03f6,0,2024-02-16T21:18:57.609Z,
ceff7243accbd0b201f95730,11a1b5ceea49f09253f955a8,2901b677352f650f05fd03f6,3,2024-02-16T14:41:15.312Z,70f5f639381b454d0ac6da03;2f9a39727ce9334227a68de8;112f87261c1c17b333abfdec
d7b16767924890fa6191e942,596573b1e54591d7694cbcb9,2901b677352f650f05fd03f6,1,2024-02-17T02:48:11.499Z,70f5f639381b454d0ac6da03
3e3ab663e7411e99c0fb0e5b,72e4b93000be75dd6e367723,46fc78a721275072be3ade73,0,2024-03-02T21:10:23.721Z,
7d7a1de40747cbc21d5304eb,1890a8880bcde17bb895f735,46fc78a721275072be3ade73,2,2024-03-02T22:56:17.973Z,965595629989c41fba0f65d1;4073844368bf2fbd14b7a351
6f6ece3b1ed81becee92c501,1ba4b78e62930eae5731b9ca,46fc78a721275072be3ade73,1,2024-03-03T09:09:10.474Z,965595629989c41fba0f65d1
99aad006f9158beea3a799ce,833b44f56b8cbece7d04def3,46fc78a721275072be3ade73,3,2024-03-03T13:18:15.579Z,965595629989c41fba0f65d1;4073844368bf2fbd14b7a351;21462bb6d2e4d9f33bb3cec1
14f4c4aac2fd5533f941cb32,845c864a4de70832f4364f15,46fc78a721275072be3ade73,2,2024-03-03T00:44:09.289Z,965595629989c41fba0f65d1;4073844368bf2fbd14b7a351
96a26fa9a7335538fa4f665a,f25c51fc7b2e63ad6cc6bf77,46fc78a721275072be3ade73,3,2024-03-02T21:49:51.860Z,965595629989c41fba0f65d1;4073844368bf2fbd14b7a351;21462bb6d2e4d9f33bb3cec1
46ccdcfd90af48043c7075c8,1890a8880bcde17bb895f735,9bdcb6341e5cb372ee770a96,2,2023-12-24T04:51:31.968Z,ad3b6fb409a0afabb5ae8f0a;771bf20f0abe45f15f54e50c
7d89df2be893dc78d4ae38b4,de5b88c96f9e4797f8902765,9bdcb6341e5cb372ee770a96,0,2023-12-24T01:47:29.016Z,
ff64b593e878b88d253ba523,8494863791b8e5234eb1ad35,9bdcb6341e5cb372ee770a96,1,2023-12-23T13:35:52.259Z,ad3b6fb409a0afabb5ae8f0a
805c8bb5b39ec97d1af411be,2eff0eddee0b8c9a2601fead,9bdcb6341e5cb372ee770a96,0,2023-12-23T18:16:24.262Z,
b2986f04744385be72ea8273,8221d64ec10d0f8c0eaacd7d,9bdcb6341e5cb372ee770a96,1,2023-12-24T00:34:23.680Z,ad3b6fb409a0afabb5ae8f0a
ab09c53b1e0d486f31122073,8e8ebd063ea56374b2b7dfc0,200b64016de0243771a36273,1,2023-11-08T16:09:48.529Z,7c0253fe81a9e310a9bcabbf
be898c82c97ccb7903f33a8a,21d01d11a8bae6956d4fd98d,200b64016de0243771a36273,0,2023-11-08T11:04:13.659Z,
10684eaccf65cc4f0abe9fce,d70844eaf055cda2ef7b56e9,200b64016de0243771a36273,2,2023-11-08T22:18:10.327Z,7c0253fe81a9e310a9bcabbf;fd4a1d5966c48995b93c086a
c5df4ccfb383cb8d8d5048f9,f25c51fc7b2e63ad6cc6bf77,200b64016de0243771a36273,2,2023-11-08T08:04:53.705Z,7c0253fe81a9e310a9bcabbf;fd4a1d5966c48995b93c086a
efb45681cbada8f10a70569f,9d2cdfcd0b8de5a9eb68b1b9,200b64016de0243771a36273,1,2023-11-09T01:45:00.151Z,7c0253fe81a9e310a9bcabbf
8321f10fded928d41b210e5a,1ba4b78e62930eae5731b9ca,0aca64f38ff96096628bd3a6,2,2024-02-04T14:35:30.274Z,7c5f50e10d2b88897594c102;3cdaba33582166be36063186
4527d480745a72bf45889eba,9d2cdfcd0b8de5a9eb68b1b9,0aca64f38ff96096628bd3a6,2,2024-02-04T23:09:59.662Z,7c5f50e10d2b88897594c102;3cdaba33582166be36063186
7e32a4d624e50f99fb9dfd7d,1890a8880bcde17bb895f735,0aca64f38ff96096628bd3a6,0,2024-02-04T15:39:45.934Z,
34f58c21fc82e12ddedb1225,5d6a1f5ad9777d66c4103d51,0aca64f38ff96096628bd3a6,2,2024-02-05T04:26:09.522Z,7c5f50e10d2b88897594c102;3cdaba33582166be36063186
a9ae2176077f82f3239518c8,f47c26f82c759eea28ca23c8,0aca64f38ff96096628bd3a6,0,2024-02-04T13:42:25.934Z,
4673b8afa81c2335d537a5d6,d70844eaf055cda2ef7b56e9,0aca64f38ff96096628bd3a6,2,2024-02-04T20:04:31.794Z,7c5f50e10d2b88897594c102;3cdaba33582166be36063186
d08be9d6893a466a63ef769f,845c864a4de70832f4364f15,9ac466f9e01d845a236d1f96,3,2023-12-05T00:50:20.897Z,98961ba0b6605da03379bec8;1dea4c20042f9cc8928aa2ee;873388704291b7a8d97d05eb
a3f3532c95c7c38b6c666bc3,f47c26f82c759eea28ca23c8,9ac466f9e01d845a236d1f96,0,2023-12-04T22:09:44.628Z,
e691ffa012a20be8fc308aff,11a1b5ceea49f09253f955a8,9ac466f9e01d845a236d1f96,0,2023-12-05T11:49:12.813Z,
1d9ae6297eff421adc2ab01b,5334561365d21e9ad4812095,9ac466f9e01d845a236d1f96,0,2023-12-05T19:54:04.636Z,
6ca5bc937563581c3c2b728d,475654515a4b6bc03e3f1cc1,9ac466f9e01d845a236d1f96,0,2023-12-05T13:41:28.256Z,
ed129c1c7670571e514c457c,f25c51fc7b2e63ad6cc6bf77,9ac466f9e01d845a236d1f96,2,2023-12-05T05:51:23.875Z,98961ba0b6605da03379bec8;1dea4c20042f9cc8928aa2ee
b36981b8a6bfc16bd0813196,1ba4b78e62930eae5731b9ca,9ac466f9e01d845a236d1f96,3,2023-12-05T05:31:41.148Z,98961ba0b6605da03379bec8;1dea4c20042f9cc8928aa2ee;873388704291b7a8d97d05eb
033232e3cec3750df2943290,8221d64ec10d0f8c0eaacd7d,c670664b6bd98f3cb59ec1e0,1,2024-01-14T12:52:14.258Z,4660e4b28f69f3cf2b3abc0e
7ae616ba7b8f6877f0622829,f47c26f82c759eea28ca23c8,c670664b6bd98f3cb59ec1e0,1,2024-01-14T17:54:12.314Z,4660e4b28f69f3cf2b3abc0e
e15a70ef7144c28562c86b8c,833b44f56b8cbece7d04def3,c670664b6bd98f3cb59ec1e0,2,2024-01-14T14:44:20.193Z,4660e4b28f69f3cf2b3abc0e;8f94a89fe41e30c4f81a327f
cce8bc407a06455661b86d29,475654515a4b6bc03e3f1cc1,c670664b6bd98f3cb59ec1e0,2,2024-01-14T05:28:09.274Z,4660e4b28f69f3cf2b3abc0e;8f94a89fe41e30c4f81a327f
4b01b8da6e804e5e4dd6e427,bf86ecec42cd596815b82763,c670664b6bd98f3cb59ec1e0,1,2024-01-14T08:25:00.808Z,4660e4b28f69f3cf2b3abc0e
4c39eb0986014ac6ce26d666,d70844eaf055cda2ef7b56e9,c670664b6bd98f3cb59ec1e0,2,2024-01-14T20:45:42.184Z,4660e4b28f69f3cf2b3abc0e;8f94a89fe41e30c4f81a327f
53db2a542f15f597f63ca455,f585e5dbf71788a1594db8c5,c670664b6bd98f3cb59ec1e0,3,2024-01-14T15:53:39.295Z,4660e4b28f69f3cf2b3abc0e;8f94a89fe41e30c4f81a327f;ed11b0db293dd1e252c61012
0b3eb5c968f8b92fe4014cdd,8e8ebd063ea56374b2b7dfc0,515d4450cbde88e904328114,3,2023-12-14T20:48:52.604Z,c1a21c7a6898491b5ac293d6;17f1759e7c13b585335ce53b;96285932c87bee880c12c5d3
a4eb4648cd0c6c7e1d9a3b73,de5b88c96f9e4797f8902765,515d4450cbde88e904328114,0,2023-12-15T01:54:50.455Z,
65c53be78d61eec5584e1365,bf86ecec42cd596815b82763,515d4450cbde88e904328114,2,2023-12-14T16:18:10.620Z,c1a21c7a6898491b5ac293d6;17f1759e7c13b585335ce53b
28cea5a28dab37221d906e3f,c06acf18d21f1a7bbbe9f371,515d4450cbde88e904328114,1,2023-12-15T10:19:52.676Z,c1a21c7a6898491b5ac293d6
5b13591c258f8b9f872beca1,833b44f56b8cbece7d04def3,515d4450cbde88e904328114,1,2023-12-15T11:11:00.096Z,c1a21c7a6898491b5ac293d6
e517ce86c27d472e421c8017,f47c26f82c759eea28ca23c8,515d4450cbde88e904328114,2,2023-12-15T06:18:43.662Z,c1a21c7a6898491b5ac293d6;17f1759e7c13b585335ce53b
de813af6186d319b627c2ab5,5334561365d21e9ad4812095,2dc112602c9f3a77bd0a41b4,0,2024-01-04T11:30:56.738Z,
b1e59185e0f97a700e9d77c1,8221d64ec10d0f8c0eaacd7d,2dc112602c9f3a77bd0a41b4,3,2024-01-03T14:12:08.895Z,2d10ff0cbf590ebc710db764;58f1edfc0eb274a86ea230e7;9a27bbc46ab07d962da54e6c
135b5315fc5ecd648f4279c5,567cedea6bd680f6d9fac54a,2dc112602c9f3a77bd0a41b4,1,2024-01-04T10:39:32.848Z,2d10ff0cbf590ebc710db764
ecba556e458c90214f949b25,72e4b93000be75dd6e367723,2dc112602c9f3a77bd0a41b4,1,2024-01-04T02:45:08.800Z,2d10ff0cbf590ebc710db764
c4e399c1f4a3dbf4d2a552d6,72e4b93000be75dd6e367723,5312dc4d939b3ce615cea1b0,1,2023-12-23T22:10:09.183Z,815b7f36d57dcea1131e7586
e22d7e012afce89001dbc458,11a1b5ceea49f09253f955a8,5312dc4d939b3ce615cea1b0,3,2023-12-24T16:10:25.593Z,815b7f36d57dcea1131e7586;c135180514f1731162086cff;2662bafd528175c478014c2a
09047062716d375813c819c6,bf86ecec42cd596815b82763,5312dc4d939b3ce615cea1b0,1,2023-12-24T19:34:17.284Z,815b7f36d57dcea1131e7586
165aa80e5269e7ed0979189e,2eff0eddee0b8c9a2601fead,5312dc4d939b3ce615cea1b0,3,2023-12-23T20:34:15.162Z,815b7f36d57dcea1131e7586;c135180514f1731162086cff;2662bafd528175c478014c2a
623fb6c5a684167819586e61,c06acf18d21f1a7bbbe9f371,5312dc4d939b3ce615cea1b0,1,2023-12-24T01:24:10.682Z,815b7f36d57dcea1131e7586
61d2ade3f62847944a425197,a32b8962db959b002019627a,5312dc4d939b3ce615cea1b0,2,2023-12-24T14:04:51.345Z,815b7f36d57dcea1131e7586;c135180514f1731162086cff
4641a1d7d0681b4edb5d93c5,f25c51fc7b2e63ad6cc6bf77,5312dc4d939b3ce615cea1b0,3,2023-12-23T21:59:27.159Z,815b7f36d57dcea1131e7586;c135180514f1731162086cff;2662bafd528175c478014c2a
25c0624f9ef514155bdf82d5,567cedea6bd680f6d9fac54a,5312dc4d939b3ce615cea1b0,3,2023-12-23T21:11:12.651Z,815b7f36d57dcea1131e7586;c135180514f1731162086cff;2662bafd528175c478014c2a
e04e6d5772d7fb17d7ffcfc9,c06acf18d21f1a7bbbe9f371,073be645e8b61fbae18d0374,0,2023-12-29T07:30:38.279Z,
1b19237b57c0951feabea37f,d70844eaf055cda2ef7b56e9,073be645e8b61fbae18d0374,0,2023-12-29T16:51:41.393Z,
0b08ac81a5a3d85498b1b86c,f47c26f82c759eea28ca23c8,073be645e8b61fbae18d0374,0,2023-12-29T23:22:29.304Z,
1798d6be5d7c27b70a391826,8494863791b8e5234eb1ad35,073be645e8b61fbae18d0374,3,2023-12-29T14:23:41.986Z,832cbd28d6ae99f25d12f178;c12341743019c4180d8cafdf;3ebabb87a1371592d3bc0e16
9160aa8776e72274f787cffa,e99436255b727036e00eefd5,073be645e8b61fbae18d0374,2,2023-12-30T01:58:30.601Z,832cbd28d6ae99f25d12f178;c12341743019c4180d8cafdf
82af9cbcaa57bfec73a0db2a,845c864a4de70832f4364f15,073be645e8b61fbae18d0374,1,2023-12-29T22:10:14.120Z,832cbd28d6ae99f25d12f178
303fc597a5a30fdf9186db7f,72e4b93000be75dd6e367723,073be645e8b61fbae18d0374,1,2023-12-29T21:28:46.888Z,832cbd28d6ae99f25d12f178
9f28373c0be4edb98f9c9dc0,21d01d11a8bae6956d4fd98d,073be645e8b61fbae18d0374,0,2023-12-29T21:47:34.119Z,
4e35e9014c384d10eeb8ced5,11a1b5ceea49f09253f955a8,e2fe1c2d8134a06d1cccdd4f,2,2023-10-16T13:44:56.183Z,dcda6216d482bbf0522df6b6;7de8dc68e52b989e62bbc8b7
a400085a9a08e2aa558cd6f3,8e8ebd063ea56374b2b7dfc0,e2fe1c2d8134a06d1cccdd4f,0,2023-10-17T11:48:24.423Z,
5375e0bf5e411f1378892c0b,5d6a1f5ad9777d66c4103d51,e2fe1c2d8134a06d1cccdd4f,1,2023-10-17T07:35:46.053Z,dcda6216d482bbf0522df6b6
8a7df0c723bd9ec9092d467a,aa5e67c6ed4b1fa1a2f75d33,e2fe1c2d8134a06d1cccdd4f,3,2023-10-17T05:09:17.990Z,dcda6216d482bbf0522df6b6;7de8dc68e52b989e62bbc8b7;87a3f70b20f68c5db5e05083
d43d9b014a6fb12670199bc9,8494863791b8e5234eb1ad35,e2fe1c2d8134a06d1cccdd4f,1,2023-10-17T07:33:05.632Z,dcda6216d482bbf0522df6b6
06349e4e92d506308542330c,1ba4b78e62930eae5731b9ca,e2fe1c2d8134a06d1cccdd4f,1,2023-10-16T15:24:49.962Z,dcda6216d482bbf0522df6b6
bb5e4a130ffa542e3e84eb5a,596573b1e54591d7694cbcb9,e2fe1c2d8134a06d1cccdd4f,2,2023-10-17T05:25:05.548Z,dcda6216d482bbf0522df6b6;7de8dc68e52b989e62bbc8b7
a66ceb18bac53b6ea28a72cb,2eff0eddee0b8c9a2601fead,e2fe1c2d8134a06d1cccdd4f,0,2023-10-16T20:14:40.433Z,
ac53c4f40a864ca3594fdb15,1890a8880bcde17bb895f735,704380dfd1de0d6ff6cd89fd,0,2023-11-19T12:51:29.892Z,
cedad80f0a39670f9289a350,833b44f56b8cbece7d04def3,704380dfd1de0d6ff6cd89fd,0,2023-11-20T03:53:41.729Z,
749c0d93f7b14d09f47a527c,5d6a1f5ad9777d66c4103d51,704380dfd1de0d6ff6cd89fd,2,2023-11-19T23:49:13.224Z,5368ecba6aa4b6aacc64419a;da3d8216f0e89f324831b950
3ff2656e7a43b6ae03e99c84,567cedea6bd680f6d9fac54a,704380dfd1de0d6ff6cd89fd,0,2023-11-20T03:59:58.856Z,
aba80df57b60722395c09857,71c3173179c4dcb1413b39ba,704380dfd1de0d6ff6cd89fd,0,2023-11-20T06:31:46.176Z,
0228037309fa495a076d8814,72e4b93000be75dd6e367723,fe8da3328e9e6bd03d939af2,0,2023-11-06T20:28:27.596Z,
4b475085f1d5614474e77e85,567cedea6bd680f6d9fac54a,fe8da3328e9e6bd03d939af2,3,2023-11-06T18:11:46.265Z,bf936a6e42d74fc264585c7d;62e9447e4d198f31959360aa;3dd3b286fe5f1d9d23f16b57
f6f6b8e14e4a61f1e820d115,f25c51fc7b2e63ad6cc6bf77,fe8da3328e9e6bd03d939af2,0,2023-11-07T04:33:37.870Z,
2ea99ac42bd588cdd453da83,de5b88c96f9e4797f8902765,fe8da3328e9e6bd03d939af2,3,2023-11-06T11:50:50.106Z,bf936a6e42d74fc264585c7d;62e9447e4d198f31959360aa;3dd3b286fe5f1d9d23f16b57
ab0f99f48ca22fda9cda24c9,11a1b5ceea49f09253f955a8,fe8da3328e9e6bd03d939af2,3,2023-11-06T07:07:03.312Z,bf936a6e42d74fc264585c7d;62e9447e4d198f31959360aa;3dd3b286fe5f1d9d23f16b57
0f8bb5092df73c403b67d9bd,de5b88c96f9e4797f8902765,e8a4dbbc2198018611de04bf,1,2023-10-12T01:01:37.219Z,4eee50bee35d841d681dc35b
1a9761ab6252658fa8418821,1890a8880bcde17bb895f735,e8a4dbbc2198018611de04bf,2,2023-10-11T09:21:27.102Z,4eee50bee35d841d681dc35b;c97c86a8ede90301678b07a1
cea37059c2f0c9c2e54e8b6c,71c3173179c4dcb1413b39ba,e8a4dbbc2198018611de04bf,3,2023-10-12T01:50:17.316Z,4eee50bee35d841d681dc35b;c97c86a8ede90301678b07a1;1e7b753201fe0e7d99639972
7959f4b956011a274fac49b7,5d6a1f5ad9777d66c4103d51,e8a4dbbc2198018611de04bf,2,2023-10-11T16:12:45.775Z,4eee50bee35d841d681dc35b;c97c86a8ede90301678b07a1
b1a59d8591e0b24b255ebd47,5d6a1f5ad9777d66c4103d51,b500a4ee553252cf02ff58d8,3,2024-03-03T06:15:24.550Z,845c1633382d1d0b1c9ebe79;da17ee8c159d13f7dacf1508;3cb8a2aa2fd1b0472018f455
0f0ee6c0075dfe24b74d16c0,1890a8880bcde17bb895f735,b500a4ee553252cf02ff58d8,3,2024-03-03T21:04:50.160Z,845c1633382d1d0b1c9ebe79;da17ee8c159d13f7dacf1508;3cb8a2aa2fd1b0472018f455
45aed335f23815cf27ad5bd7,f585e5dbf71788a1594db8c5,b500a4ee553252cf02ff58d8,3,2024-03-03T08:31:19.683Z,845c1633382d1d0b1c9ebe79;da17ee8c159d13f7dacf1508;3cb8a2aa2fd1b0472018f455
b47710244cc7592c0cf723be,9d2cdfcd0b8de5a9eb68b1b9,b500a4ee553252cf02ff58d8,1,2024-03-03T08:33:15.636Z,845c1633382d1d0b1c9ebe79
b63f6519bf6977b0b34cea8a,aa5e67c6ed4b1fa1a2f75d33,b500a4ee553252cf02ff58d8,0,2024-03-03T05:27:01.337Z,
3a3776623479717583e59309,de5b88c96f9e4797f8902765,b500a4ee553252cf02ff58d8,3,2024-03-03T03:08:03.112Z,845c1633382d1d0b1c9ebe79;da17ee8c159d13f7dacf1508;3cb8a2aa2fd1b0472018f455
597830a3db47f431cac45d68,833b44f56b8cbece7d04def3,b500a4ee553252cf02ff58d8,1,2024-03-03T07:01:46.386Z,845c1633382d1d0b1c9ebe79
ad927a8df77b1a76d1a49f79,596573b1e54591d7694cbcb9,b500a4ee553252cf02ff58d8,3,2024-03-03T08:57:31.353Z,845c1633382d1d0b1c9ebe79;da17ee8c159d13f7dacf1508;3cb8a2aa2fd1b0472018f455
3e9e0489d6ca697bc2e2d283,1ba4b78e62930eae5731b9ca,a33072f4cd41f4eb53686afe,1,2023-11-15T21:59:03.075Z,038cada9978793887e404e16
9407f68b7b31dccabb0c9944,bf86ecec42cd596815b82763,a33072f4cd41f4eb53686afe,0,2023-11-16T05:29:18.771Z,
8381f44d6b1449e596c8f0c2,8e8ebd063ea56374b2b7dfc0,a33072f4cd41f4eb53686afe,2,2023-11-15T22:06:12.028Z,038cada9978793887e404e16;a8ff955f73d2ac61e706740b
5511e2797f866b674a8cd3c1,833b44f56b8cbece7d04def3,a33072f4cd41f4eb53686afe,3,2023-11-16T01:24:40.548Z,038cada9978793887e404e16;a8ff955f73d2ac61e706740b;e0ab82fd85f936b779f65953
2301a82e03de0f0840cef4c5,e99436255b727036e00eefd5,a33072f4cd41f4eb53686afe,1,2023-11-16T02:13:56.011Z,038cada9978793887e404e16
d9bb34443ae2155beff775e7,de5b88c96f9e4797f8902765,a33072f4cd41f4eb53686afe,1,2023-11-16T07:34:07.043Z,038cada9978793887e404e16
2de7d75161f2145e96562735,2eff0eddee0b8c9a2601fead,a33072f4cd41f4eb53686afe,2,2023-11-16T03:11:13.959Z,038cada9978793887e404e16;a8ff955f73d2ac61e706740b
311fdb25bce7486ab695df29,f25c51fc7b2e63ad6cc6bf77,a33072f4cd41f4eb53686afe,2,2023-11-15T17:09:48.951Z,038cada9978793887e404e16;a8ff955f73d2ac61e706740b
fc108fee810eb2e2857496ea,d70844eaf055cda2ef7b56e9,8047dc8248529c518f99403a,2,2023-12-10T01:39:18.804Z,cd4657b3bbee131944288a6e;cfa0ba202e0b89e649b4a929
951c3571fb5fc695ce57d408,2eff0eddee0b8c9a2601fead,8047dc8248529c518f99403a,2,2023-12-09T16:47:53.973Z,cd4657b3bbee131944288a6e;cfa0ba202e0b89e649b4a929
d0d55bc6480a7cfff9be1d6c,21d01d11a8bae6956d4fd98d,8047dc8248529c518f99403a,2,2023-12-09T17:06:48.223Z,cd4657b3bbee131944288a6e;cfa0ba202e0b89e649b4a929
1cdf5e5ee961096a3bbf23e2,de5b88c96f9e4797f8902765,8047dc8248529c518f99403a,2,2023-12-10T00:35:40.848Z,cd4657b3bbee131944288a6e;cfa0ba202e0b89e649b4a929
4d500c0d2a104510927e6756,8221d64ec10d0f8c0eaacd7d,8047dc8248529c518f99403a,1,2023-12-09T18:17:28.509Z,cd4657b3bbee131944288a6e
0f049f2859be78e9419cc217,72e4b93000be75dd6e367723,de5adaecb7b31008ced4a834,2,2024-01-15T14:37:37.830Z,54ea103fed34c342f7c927a9;9fda431037885cea898da8a7
7fc4a363b6568f7a6a41a0aa,8494863791b8e5234eb1ad35,de5adaecb7b31008ced4a834,1,2024-01-15T09:05:55.921Z,54ea103fed34c342f7c927a9
2c0f658d65dc8ff848a1c7b7,f579a2579d8d862480fad2b8,de5adaecb7b31008ced4a834,2,2024-01-15T07:32:50.806Z,54ea103fed34c342f7c927a9;9fda431037885cea898da8a7
83c8bb2e87cc19cf9e411cbd,567cedea6bd680f6d9fac54a,de5adaecb7b31008ced4a834,2,2024-01-15T04:26:48.629Z,54ea103fed34c342f7c927a9;9fda431037885cea898da8a7
4c4c788117d059279d7d36a4,9d2cdfcd0b8de5a9eb68b1b9,de5adaecb7b31008ced4a834,2,2024-01-16T00:51:02.682Z,54ea103fed34c342f7c927a9;9fda431037885cea898da8a7
4b05f2018ff4576e8a6f2774,9d2cdfcd0b8de5a9eb68b1b9,b3bd4e5f3ac95e91b315b9b6,1,2023-10-31T11:02:15.022Z,ee7bb767492ccd458ac555db
e7c049f4a3eb7919069b14ef,72e4b93000be75dd6e367723,b3bd4e5f3ac95e91b315b9b6,0,2023-10-31T16:23:22.125Z,
71144bb549981a701dc10f19,f579a2579d8d862480fad2b8,b3bd4e5f3ac95e91b315b9b6,3,2023-10-31T11:26:28.680Z,ee7bb767492ccd458ac555db;3158acf0b3e37ba22f0988e1;8b45891dec227effcd9fb3b9
a0f74fcb2e56f1af705aab85,d70844eaf055cda2ef7b56e9,b3bd4e5f3ac95e91b315b9b6,0,2023-10-31T22:21:41.103Z,
27a409a1c913f47e6ce62357,596573b1e54591d7694cbcb9,a1d5615451b3b961b93fa82f,3,2023-10-11T10:31:13.430Z,9a269a78fc1d325f7b4c226b;f693423234eb1a5fc605c4f9;1bba1a483446198945983362
a341623d158c540c48ce0a8b,5d6a1f5ad9777d66c4103d51,a1d5615451b3b961b93fa82f,3,2023-10-10T13:20:28.050Z,9a269a78fc1d325f7b4c226b;f693423234eb1a5fc605c4f9;1bba1a483446198945983362
663da45078d0f371b6db6d5e,f47c26f82c759eea28ca23c8,a1d5615451b3b961b93fa82f,0,2023-10-11T03:10:18.808Z,
3175c61eb5feee00c6fb5ca4,e99436255b727036e00eefd5,a1d5615451b3b961b93fa82f,3,2023-10-10T22:56:34.644Z,9a269a78fc1d325f7b4c226b;f693423234eb1a5fc605c4f9;1bba1a483446198945983362
35009dff4667f3a1e588f133,2eff0eddee0b8c9a2601fead,a1d5615451b3b961b93fa82f,2,2023-10-11T08:03:20.727Z,9a269a78fc1d325f7b4c226b;f693423234eb1a5fc605c4f9
705daeff3c4eef04e0f2d2c3,845c864a4de70832f4364f15,a1d5615451b3b961b93fa82f,0,2023-10-11T09:30:32.415Z,
68d9d54cef1096442b2b02bf,833b44f56b8cbece7d04def3,a1d5615451b3b961b93fa82f,2,2023-10-10T15:26:55.333Z,9a269a78fc1d325f7b4c226b;f693423234eb1a5fc605c4f9
fd9d9cd2c1f7f2b14fd8fe53,1ba4b78e62930eae5731b9ca,a1d5615451b3b961b93fa82f,3,2023-10-10T20:22:47.043Z,9a269a78fc1d325f7b4c226b;f693423234eb1a5fc605c4f9;1bba1a483446198945983362
e5856577572f44af16dd5976,de5b88c96f9e4797f8902765,25d00d771e5a0cb945cc1d6a,2,2024-02-21T14:42:17.581Z,2b2d2a3407335ed5c2f9bef7;e00c727725fd619d4f4dc57b
623f5121b0e5a3a154e5eb49,5d6a1f5ad9777d66c4103d51,25d00d771e5a0cb945cc1d6a,1,2024-02-21T07:53:57.361Z,2b2d2a3407335ed5c2f9bef7
ba0f98cc883eda136762ae59,21d01d11a8bae6956d4fd98d,25d00d771e5a0cb945cc1d6a,1,2024-02-21T01:07:04.658Z,2b2d2a3407335ed5c2f9bef7
e7cf8b1c259b30b756f7e800,8e8ebd063ea56374b2b7dfc0,25d00d771e5a0cb945cc1d6a,3,2024-02-21T14:14:42.593Z,2b2d2a3407335ed5c2f9bef7;e00c727725fd619d4f4dc57b;0e9cbcaff008c5e4659194d8
f003d1ad777e12917c25c17f,f585e5dbf71788a1594db8c5,25d00d771e5a0cb945cc1d6a,2,2024-02-21T12:16:36.039Z,2b2d2a3407335ed5c2f9bef7;e00c727725fd619d4f4dc57b
e8ab0b79b7277775e99c684d,e99436255b727036e00eefd5,977dbed3ebb2d79a7f7c8ca4,0,2023-12-14T07:32:33.468Z,
b862b0ba0b2fa820d13ff431,bf86ecec42cd596815b82763,977dbed3ebb2d79a7f7c8ca4,1,2023-12-14T03:28:51.294Z,06482bc4a99dd9b6928f0677
25a6901e1dd9524f3baef493,72e4b93000be75dd6e367723,977dbed3ebb2d79a7f7c8ca4,1,2023-12-14T06:52:39.041Z,06482bc4a99dd9b6928f0677
7f0e1d208702ede4196899c5,a32b8962db959b002019627a,ee3ee2a4e5d1ac5daa1eca13,1,2024-06-14T06:30:43.576Z,3a58f57cc9cf48e7780dbabf
c8e125e40fc1ed405622ee1d,f47c26f82c759eea28ca23c8,ee3ee2a4e5d1ac5daa1eca13,0,2024-06-14T15:29:57.630Z,
46adbd9cca9b38de421b4d69,2eff0eddee0b8c9a2601fead,ee3ee2a4e5d1ac5daa1eca13,3,2024-06-14T00:56:50.091Z,3a58f57cc9cf48e7780dbabf;0dd9e862a34d02814f372219;b83a87b478e8ba2fbd28e150
e53f59c98e0f4611a9b234bf,5334561365d21e9ad4812095,ee3ee2a4e5d1ac5daa1eca13,0,2024-06-14T21:14:09.029Z,
e3bf19b80291aaec2998aff1,567cedea6bd680f6d9fac54a,ee3ee2a4e5d1ac5daa1eca13,2,2024-06-14T07:37:51.298Z,3a58f57cc9cf48e7780dbabf;0dd9e862a34d02814f372219
d2ccd860e3710c963c012424,f579a2579d8d862480fad2b8,6612892bca7b8b2e8c1295c0,0,2024-02-14T02:39:37.166Z,
aa94a78cbdf4bbd2620cb534,475654515a4b6bc03e3f1cc1,6612892bca7b8b2e8c1295c0,3,2024-02-14T12:03:24.757Z,c50c17f9511424bebc5fae69;4f2556e5d0fa1acbe2e6f180;7d6444644b3e9083f9df9972
2c43e6b4c2d1890ddb0fdd76,845c864a4de70832f4364f15,6612892bca7b8b2e8c1295c0,2,2024-02-14T12:26:30.794Z,c50c17f9511424bebc5fae69;4f2556e5d0fa1acbe2e6f180
f67468c14b73e20a887b9302,21d01d11a8bae6956d4fd98d,6612892bca7b8b2e8c1295c0,0,2024-02-14T18:46:25.737Z,
f9ff756349b7db4c1446081e,8221d64ec10d0f8c0eaacd7d,d8715f7bf3d137b551dfaa75,1,2023-09-14T10:10:14.233Z,e884cecf002b311b43e56296
c8714efeb8cefb910d927912,596573b1e54591d7694cbcb9,d8715f7bf3d137b551dfaa75,3,2023-09-14T00:38:10.798Z,e884cecf002b311b43e56296;674030e81f81d5b26973cdb1;2753bc26ca470282c2df309e
2581e9bab7605eb89eb5507c,2eff0eddee0b8c9a2601fead,d8715f7bf3d137b551dfaa75,1,2023-09-14T03:26:16.710Z,e884cecf002b311b43e56296
8aff5f4697ce6d061b076020,e99436255b727036e00eefd5,110c4ff7c1590329802e3358,0,2025-03-14T16:23:40.969Z,
87e6eb7bea3c0d7faff1257c,d70844eaf055cda2ef7b56e9,110c4ff7c1590329802e3358,1,2025-03-14T17:15:56.203Z,478d49adab6ff7f499f49ddb
1849dbb6d8fab52fb209565c,a32b8962db959b002019627a,110c4ff7c1590329802e3358,3,2025-03-14T13:25:23.241Z,478d49adab6ff7f499f49ddb;fc14881a6ce7cd13d7ca71cd;86225edb43dc0424bdffe91d
8ac864732a72f6cd7778d7d6,71c3173179c4dcb1413b39ba,110c4ff7c1590329802e3358,1,2025-03-14T22:02:31.971Z,478d49adab6ff7f499f49ddb
bc2a92a58779b60893a6b4d9,833b44f56b8cbece7d04def3,66e6a142072e2f57bd3f9b25,1,2024-02-14T03:09:25.509Z,a4a7f8b6bd35206f2fe68fac
6e200c32a68f95ae95505f9a,e99436255b727036e00eefd5,66e6a142072e2f57bd3f9b25,2,2024-02-14T19:31:21.917Z,a4a7f8b6bd35206f2fe68fac;c47ef89c6e1a5033fb091df0
1385d225b88ff8f84c2c7d03,475654515a4b6bc03e3f1cc1,66e6a142072e2f57bd3f9b25,2,2024-02-14T22:16:34.162Z,a4a7f8b6bd35206f2fe68fac;c47ef89c6e1a5033fb091df0
2cafd3210496f105e2542ac3,f47c26f82c759eea28ca23c8,66e6a142072e2f57bd3f9b25,0,2024-02-14T21:54:06.205Z,
48ff840564065caff91fe879,11a1b5ceea49f09253f955a8,66e6a142072e2f57bd3f9b25,1,2024-02-14T00:33:41.276Z,a4a7f8b6bd35206f2fe68fac
54cd87aa56ce6d63f71a1594,2eff0eddee0b8c9a2601fead,69bb0b00ea89b761cd0e106c,1,2024-04-14T22:56:39.162Z,a7b40fe3a770582d24b96ffa
fd1a577707425b92500801af,845c864a4de70832f4364f15,69bb0b00ea89b761cd0e106c,3,2024-04-14T16:27:29.688Z,a7b40fe3a770582d24b96ffa;055b6644e525e1a56d5c2c03;7cecd3c24ebde153b700e546
9355620e198917f27e94f86f,f579a2579d8d862480fad2b8,69bb0b00ea89b761cd0e106c,2,2024-04-14T12:55:05.801Z,a7b40fe3a770582d24b96ffa;055b6644e525e1a56d5c2c03
1cb8c91d0ba70b1d6c95459d,de5b88c96f9e4797f8902765,69bb0b00ea89b761cd0e106c,2,2024-04-14T21:55:22.804Z,a7b40fe3a770582d24b96ffa;055b6644e525e1a56d5c2c03
17e5da42401419fd1bae6e01,5d6a1f5ad9777d66c4103d51,69bb0b00ea89b761cd0e106c,3,2024-04-14T12:41:30.022Z,a7b40fe3a770582d24b96ffa;055b6644e525e1a56d5c2c03;7cecd3c24ebde153b700e546
6bab0be56531a16099917ad3,596573b1e54591d7694cbcb9,c08c3da138b7ca64e01cd4ff,2,2024-09-14T09:43:59.451Z,2e9d13aaee523e83366b3805;b2e9d4557456005adde95b35
24885599ccb9f36c3a9dc2aa,d70844eaf055cda2ef7b56e9,c6afcc2b8d4720d537c38cb6,2,2024-09-14T02:55:38.672Z,7a593865bf386e3b0e69a9ac;55bb4cb87766b0886025709c
e5699bcc20dbdc78674c851b,475654515a4b6bc03e3f1cc1,c6afcc2b8d4720d537c38cb6,0,2024-09-14T08:00:10.740Z,
18fdfdfff524896c6552d2c5,71c3173179c4dcb1413b39ba,c6afcc2b8d4720d537c38cb6,0,2024-09-14T22:54:06.728Z,
5a7521c676bc0e8eaf4e0a5a,a32b8962db959b002019627a,c6afcc2b8d4720d537c38cb6,2,2024-09-14T22:56:30.253Z,7a593865bf386e3b0e69a9ac;55bb4cb87766b0886025709c
7d69c6370b35f4159dc5e838,8221d64ec10d0f8c0eaacd7d,c6afcc2b8d4720d537c38cb6,2,2024-09-14T03:50:20.344Z,7a593865bf386e3b0e69a9ac;55bb4cb87766b0886025709c
4594913796a8b202f2662c04,f25c51fc7b2e63ad6cc6bf77,c6afcc2b8d4720d537c38cb6,0,2024-09-14T23:00:33.388Z,
fe7fae0a9cd13de5369172de,845c864a4de70832f4364f15,ea6b6ba32a3d34e9b3bd192b,2,2023-12-14T22:10:51.194Z,b71a0715fa8706928e9db38b;8dc079af951011cd92f2bae8
5cf844a39028f5daf40e7941,e99436255b727036e00eefd5,ea6b6ba32a3d34e9b3bd192b,0,2023-12-14T02:41:38.865Z,
bf9e930c031aab587fce07ed,f25c51fc7b2e63ad6cc6bf77,ea6b6ba32a3d34e9b3bd192b,3,2023-12-14T05:39:08.030Z,b71a0715fa8706928e9db38b;8dc079af951011cd92f2bae8;3041425d6035bdbe32d58322
f90086561c2e837c4055f16d,1890a8880bcde17bb895f735,ea6b6ba32a3d34e9b3bd192b,3,2023-12-14T19:04:24.781Z,b71a0715fa8706928e9db38b;8dc079af951011cd92f2bae8;3041425d6035bdbe32d58322
e2a98e191a9fcc96df57d476,71c3173179c4dcb1413b39ba,ea6b6ba32a3d34e9b3bd192b,0,2023-12-14T00:08:22.704Z,
30f18f2615880ff987255bf5,8221d64ec10d0f8c0eaacd7d,ea6b6ba32a3d34e9b3bd192b,3,2023-12-14T20:47:26.987Z,b71a0715fa8706928e9db38b;8dc079af951011cd92f2bae8;3041425d6035bdbe32d58322
f84951abce05a7869504fdf3,8494863791b8e5234eb1ad35,4c0fb3084a8e0acd5eb032b3,0,2023-03-14T05:56:52.973Z,
505f1484ccdb49a64dc2592f,567cedea6bd680f6d9fac54a,4c0fb3084a8e0acd5eb032b3,2,2023-03-14T15:23:25.766Z,ca0eb10ae5c281a5a78ac7af;d7b0dd4fd3fce30eff6665ec
0fc93115acf9f14635a3b8a7,f25c51fc7b2e63ad6cc6bf77,4c0fb3084a8e0acd5eb032b3,1,2023-03-14T05:32:41.924Z,ca0eb10ae5c281a5a78ac7af
089233e59ffebf18cfdcfafd,9d2cdfcd0b8de5a9eb68b1b9,4c0fb3084a8e0acd5eb032b3,0,2023-03-14T17:04:12.053Z,
21bab1d9a9fdf8da8c3328f5,11a1b5ceea49f09253f955a8,91d2b341169b137bea9210de,0,2025-03-14T21:54:26.518Z,
d72de468a2fdea9ae4330801,d70844eaf055cda2ef7b56e9,91d2b341169b137bea9210de,3,2025-03-14T18:19:10.622Z,51f826455deb4d027e2270a4;02aff826ed9ad49555cc1e4c;d811dbdccff428855b866062
f71e9cb45bfdedd62975e76f,f585e5dbf71788a1594db8c5,21b5b30b0b73c6f5a8de96e0,2,2024-02-14T07:34:29.065Z,6ef67f7f6d85c26d6e18a001;b881e0d291e09212d776e232
594e03b978a865b43f594306,1ba4b78e62930eae5731b9ca,21b5b30b0b73c6f5a8de96e0,3,2024-02-14T09:45:23.911Z,6ef67f7f6d85c26d6e18a001;b881e0d291e09212d776e232;39c9fbe550b4c5d52190ce50
e439478d2902cb16b0495991,e99436255b727036e00eefd5,09e4bed5efce91801af6efaf,0,2024-04-14T13:23:07.311Z,
fb9fb74fdfbc22cbd028b112,833b44f56b8cbece7d04def3,09e4bed5efce91801af6efaf,3,2024-04-14T08:06:31.608Z,0fdce3bccdc3f764ec803eba;16944453d6d2d08519587b34;69ae09333393604845ffa854
75817d2c17b130cb0f63e2ea,f585e5dbf71788a1594db8c5,09e4bed5efce91801af6efaf,3,2024-04-14T19:19:39.248Z,0fdce3bccdc3f764ec803eba;16944453d6d2d08519587b34;69ae09333393604845ffa854
45160d670035068f30c1c3bd,aa5e67c6ed4b1fa1a2f75d33,53121043dd92cb7419c0bc99,1,2023-12-14T00:09:26.692Z,cb31138bff0d913367f729ea
9fb4256133a0c18087c50a17,1ba4b78e62930eae5731b9ca,53121043dd92cb7419c0bc99,3,2023-12-14T14:03:17.878Z,cb31138bff0d913367f729ea;d313506f7c93ec7415887350;718314111ca7124b3c05597d
246e9be821a33487e693c48a,f47c26f82c759eea28ca23c8,53121043dd92cb7419c0bc99,2,2023-12-14T00:12:52.884Z,cb31138bff0d913367f729ea;d313506f7c93ec7415887350
ab11cde6461ef26a34b46543,d70844eaf055cda2ef7b56e9,6be830111935ae928d9e1d58,0,2024-09-14T12:49:40.707Z,
c7c8b4991a8e0d8db61e6b96,1890a8880bcde17bb895f735,6be830111935ae928d9e1d58,3,2024-09-14T06:20:58.078Z,8d88f6f8a3e64187bb5d1006;5550816c46b1ef75782503be;5a259a9cd5d69c609f4f7b5a
0e301ad5a386a8f3efa32261,72e4b93000be75dd6e367723,6be830111935ae928d9e1d58,2,2024-09-14T17:15:37.845Z,8d88f6f8a3e64187bb5d1006;5550816c46b1ef75782503be
254f455ff8ea6ab0afdc7e02,a32b8962db959b002019627a,ae2123bdb37827ead5a43000,0,2024-06-14T12:01:55.718Z,
ccc97693380fd0a672c963e1,845c864a4de70832f4364f15,ae2123bdb37827ead5a43000,3,2024-06-14T12:36:16.549Z,dfd201ec01facfc5a8daa4ad;8dd45088d55acbdd230d5d37;0446266eb2b15406b711c7c2
12282fddbb6f13952e0e9563,aa5e67c6ed4b1fa1a2f75d33,ae2123bdb37827ead5a43000,2,2024-06-14T15:55:24.567Z,dfd201ec01facfc5a8daa4ad;8dd45088d55acbdd230d5d37
ea62853769cba2edf6a7aae0,567cedea6bd680f6d9fac54a,ae2123bdb37827ead5a43000,0,2024-06-14T05:48:55.694Z,
7a95dd82c21005bb4abb0768,8221d64ec10d0f8c0eaacd7d,9ec48c12033f555cdbab5c57,2,2024-09-14T22:25:02.552Z,026191e0f2243d03bee5b949;34ea4d7c7541be2a9d8343b4
1a57573804b0b5c3182be066,8494863791b8e5234eb1ad35,9ec48c12033f555cdbab5c57,2,2024-09-14T03:39:22.924Z,026191e0f2243d03bee5b949;34ea4d7c7541be2a9d8343b4
42a2e23541393beba1f81852,21d01d11a8bae6956d4fd98d,9ec48c12033f555cdbab5c57,0,2024-09-14T12:05:30.846Z,
eda0648a72e3515ad3515e22,8494863791b8e5234eb1ad35,22891c9ffe9b1e891a310b08,1,2025-03-14T08:51:17.040Z,f8527bd237dcbea9b32fc7d4
3c110bf1c4e655de4c50ae1b,1890a8880bcde17bb895f735,22891c9ffe9b1e891a310b08,3,2025-03-14T01:07:36.642Z,f8527bd237dcbea9b32fc7d4;44d64b95782c70a2fb4d168d;9144202d4b667695539b8cca
0aa81289316af7c447c65877,2eff0eddee0b8c9a2601fead,22891c9ffe9b1e891a310b08,0,2025-03-14T07:59:19.346Z,
7597d3e66507aa0b52e1bd7b,11a1b5ceea49f09253f955a8,ee1fec2cec41d2c90558998b,3,2023-12-14T15:13:01.429Z,fd6c6376397cd8c16e3ac1dc;680ce51f0b61d9c77aa9c6c5;364b665a50a6544f9d856a10
b6b713dbdfcb1861dbfe54fa,833b44f56b8cbece7d04def3,ee1fec2cec41d2c90558998b,2,2023-12-14T22:09:17.821Z,fd6c6376397cd8c16e3ac1dc;680ce51f0b61d9c77aa9c6c5
8758a98c394b9c06d883be0f,8e8ebd063ea56374b2b7dfc0,ee1fec2cec41d2c90558998b,2,2023-12-14T10:15:56.606Z,fd6c6376397cd8c16e3ac1dc;680ce51f0b61d9c77aa9c6c5
287325d8d55cebc444dcf369,71c3173179c4dcb1413b39ba,ee1fec2cec41d2c90558998b,2,2023-12-14T01:16:06.296Z,fd6c6376397cd8c16e3ac1dc;680ce51f0b61d9c77aa9c6c5
9c784e1598a0ed9e891f173d,f25c51fc7b2e63ad6cc6bf77,6e74e498be060934970821bb,2,2024-04-14T20:13:32.137Z,b002103b469e8a79add21f87;6332cf8cadbe993c5240fcfa
a55ee0fcd1ef9c0c7d500e9f,f47c26f82c759eea28ca23c8,6e74e498be060934970821bb,2,2024-04-14T17:55:24.611Z,b002103b469e8a79add21f87;6332cf8cadbe993c5240fcfa
1917bedcf650a7e9e918b37f,e99436255b727036e00eefd5,6e74e498be060934970821bb,1,2024-04-14T04:17:16.322Z,b002103b469e8a79add21f87
0390390a701e1c88f282e005,8494863791b8e5234eb1ad35,6e74e498be060934970821bb,2,2024-04-14T22:31:58.806Z,b002103b469e8a79add21f87;6332cf8cadbe993c5240fcfa
7f7165a0667559d75fae320f,11a1b5ceea49f09253f955a8,6e74e498be060934970821bb,0,2024-04-14T01:14:44.517Z,
630465be42978e6100025e3f,f585e5dbf71788a1594db8c5,bcbc334e105a74a3b9aa0e66,2,2023-12-14T22:23:56.359Z,58fa2eb6ef99fcc2070db1b4;44fa84d075ce9fe1305d8362
bc4b7bef212fe46fd3fe9706,71c3173179c4dcb1413b39ba,bcbc334e105a74a3b9aa0e66,0,2023-12-14T14:47:12.802Z,
c6fc8b47fafe34cd08e98b1b,8221d64ec10d0f8c0eaacd7d,bcbc334e105a74a3b9aa0e66,3,2023-12-14T09:03:47.145Z,58fa2eb6ef99fcc2070db1b4;44fa84d075ce9fe1305d8362;e974451b28b8fda094fa68a6
60bbf55f314acaec74a1e1e7,1ba4b78e62930eae5731b9ca,bcbc334e105a74a3b9aa0e66,3,2023-12-14T23:35:16.111Z,58fa2eb6ef99fcc2070db1b4;44fa84d075ce9fe1305d8362;e974451b28b8fda094fa68a6
e4af43a7d678d4ca282e3dbb,5d6a1f5ad9777d66c4103d51,bcbc334e105a74a3b9aa0e66,1,2023-12-14T19:48:44.485Z,58fa2eb6ef99fcc2070db1b4
c3e17389bde7e1d2a056d05a,71c3173179c4dcb1413b39ba,979eb81da7f54247c46b1950,3,2024-06-14T01:45:02.682Z,8a546a3c6c19da84636db5fc;338646190a6e6c8e16109cea;b4ca4cd146e3407142976442
6910aa77307ff441281b29a4,11a1b5ceea49f09253f955a8,979eb81da7f54247c46b1950,1,2024-06-14T06:32:54.146Z,8a546a3c6c19da84636db5fc
4d76104f808b75695a534380,f579a2579d8d862480fad2b8,979eb81da7f54247c46b1950,0,2024-06-14T16:58:04.749Z,
78c85fe88fe3a5dd652864a0,596573b1e54591d7694cbcb9,979eb81da7f54247c46b1950,2,2024-06-14T12:27:23.278Z,8a546a3c6c19da84636db5fc;338646190a6e6c8e16109cea
6a96f4dfb99ddadf6dcb0a6a,aa5e67c6ed4b1fa1a2f75d33,817f4acc2583f9b52cf2e73d,1,2024-02-14T10:38:51.124Z,11a2394d4a4142f6655324b7
bc9cb7a3001e4672f13f5139,11a1b5ceea49f09253f955a8,817f4acc2583f9b52cf2e73d,2,2024-02-14T18:21:39.888Z,11a2394d4a4142f6655324b7;d74a82e43923de781b5efc06
636b914b8ec3554adbf1fa13,bf86ecec42cd596815b82763,817f4acc2583f9b52cf2e73d,0,2024-02-14T10:20:21.362Z,
2d28544258e85abe3d143074,8494863791b8e5234eb1ad35,817f4acc2583f9b52cf2e73d,3,2024-02-14T14:23:59.557Z,11a2394d4a4142f6655324b7;d74a82e43923de781b5efc06;5089605666bac7d7be6bf568
1bc8f56d9aef2c6c8cd6fced,1890a8880bcde17bb895f735,817f4acc2583f9b52cf2e73d,1,2024-02-14T14:52:57.063Z,11a2394d4a4142f6655324b7
c3c70acd2ee160c6ad07dce6,f25c51fc7b2e63ad6cc6bf77,817f4acc2583f9b52cf2e73d,2,2024-02-14T02:05:33.283Z,11a2394d4a4142f6655324b7;d74a82e43923de781b5efc06
d476fc662e783f8530dc8bbb,e99436255b727036e00eefd5,a2d225529a01201d55e295d3,3,2024-09-14T10:16:27.196Z,b49eed5a579f36b7be56f516;13ab576851a0b472e0eba3cf;79cea34f03d27b101b5c596f
776a35104527c20663f10578,8221d64ec10d0f8c0eaacd7d,a2d225529a01201d55e295d3,2,2024-09-14T04:53:09.028Z,b49eed5a579f36b7be56f516;13ab576851a0b472e0eba3cf
434f06b1f1ab2508bcca9c19,475654515a4b6bc03e3f1cc1,dde8f3e460adaed8bd7f1707,0,2024-06-14T11:04:12.919Z,
41dc00d8994877eb3f026944,1ba4b78e62930eae5731b9ca,dde8f3e460adaed8bd7f1707,1,2024-06-14T05:00:30.119Z,515b84fa938ee178dc534ae0
0935cbb245af947ad4623908,2eff0eddee0b8c9a2601fead,dde8f3e460adaed8bd7f1707,1,2024-06-14T10:33:15.537Z,515b84fa938ee178dc534ae0
be8fb3804aaf9391e3d70732,8494863791b8e5234eb1ad35,dde8f3e460adaed8bd7f1707,1,2024-06-14T19:35:51.407Z,515b84fa938ee178dc534ae0
b4dff4bb15f02e592cc93fe3,9d2cdfcd0b8de5a9eb68b1b9,dde8f3e460adaed8bd7f1707,2,2024-06-14T04:04:38.634Z,515b84fa938ee178dc534ae0;bbebb3d4399493b6fcd594b0
3779b19387686525f5d3d1a0,72e4b93000be75dd6e367723,9d0c36f6ad677a9822713c56,0,2024-02-14T03:39:04.562Z,
cbfe8754e665409ca591b2f0,71c3173179c4dcb1413b39ba,9d0c36f6ad677a9822713c56,3,2024-02-14T12:15:42.576Z,85f932c99748f9df7dfebd16;f9a70dca7cbc207d69871e09;9477f561174e348f1f6eafc2
bce6fe57b9695cfac3095adf,567cedea6bd680f6d9fac54a,9d0c36f6ad677a9822713c56,2,2024-02-14T10:34:30.330Z,85f932c99748f9df7dfebd16;f9a70dca7cbc207d69871e09
ad3ec0422cd555750456a7ae,c06acf18d21f1a7bbbe9f371,9d0c36f6ad677a9822713c56,2,2024-02-14T08:00:35.709Z,85f932c99748f9df7dfebd16;f9a70dca7cbc207d69871e09
dc45e2a0776daf41ba5a6a82,e99436255b727036e00eefd5,9d0c36f6ad677a9822713c56,0,2024-02-14T23:25:02.472Z,
849a95d2cca7af59be531e77,d70844eaf055cda2ef7b56e9,9d0c36f6ad677a9822713c56,0,2024-02-14T15:19:04.565Z,
c34a4a1d0f6dc230d809ad9a,de5b88c96f9e4797f8902765,985534e278916014207c559f,0,2025-03-14T11:13:54.807Z,
6b776072ac39fc66cb8e1a32,1ba4b78e62930eae5731b9ca,985534e278916014207c559f,0,2025-03-14T04:34:44.658Z,
726e5ea86a4d7275976f377c,aa5e67c6ed4b1fa1a2f75d33,6b25b9be2a9ea8d56b493f34,3,2025-03-14T07:56:26.116Z,e11d5d86006c452db6bf686e;6213c4e3a89ea4a4e145e6d6;2cd183de7205b0cb10905470
33b366b9a7b11f9511f441cd,1ba4b78e62930eae5731b9ca,6b25b9be2a9ea8d56b493f34,1,2025-03-14T12:36:31.524Z,e11d5d86006c452db6bf686e
392cdbb19591eca7c03b06dc,f585e5dbf71788a1594db8c5,6b25b9be2a9ea8d56b493f34,3,2025-03-14T00:10:12.583Z,e11d5d86006c452db6bf686e;6213c4e3a89ea4a4e145e6d6;2cd183de7205b0cb10905470
418078c49256e40ec87ddc77,bf86ecec42cd596815b82763,93ac3f756d82c1c78ce7a03d,2,2023-09-14T06:06:15.012Z,4f01c96db7801442fbce5a59;5ab0615a3ad72d272863fe81
8bd71313bc5a4f90d616ce0c,11a1b5ceea49f09253f955a8,93ac3f756d82c1c78ce7a03d,3,2023-09-14T23:26:13.362Z,4f01c96db7801442fbce5a59;5ab0615a3ad72d272863fe81;3e887770e4976963a0263b1c
2c96189be4790ce7c56870d6,e99436255b727036e00eefd5,93ac3f756d82c1c78ce7a03d,0,2023-09-14T00:01:51.204Z,
b26894f423f7ce073f459772,11a1b5ceea49f09253f955a8,93ac3f756d82c1c78ce7a03d,3,2023-09-14T11:24:41.057Z,4f01c96db7801442fbce5a59;5ab0615a3ad72d272863fe81;3e887770e4976963a0263b1c